SKU;ABC Class;XYZ Class;Average Unit Cost;Stock Cost;Order Cost;Total Cost;Total Ordered Units;Total Demand;Total Stockout;Stockout Rate;Alpha Service Level;Beta Service Level;Average Inventory Level;Average Daily Demand;Stock Coverage (days);Stockout Days;Total Days
AARC08EBQ;C;Z;7,29;49,6;20004,02;20053,62;2688,0;1968,0;0,0;0,0;100,0;100,0;636,91;9,94;64,08;0;198
ABQX30YRP;C;Y;6,28;36,9;20157,51;20194,41;3136,0;2432,0;0,0;0,0;100,0;100,0;554,02;12,28;45,11;0;198
ABTN33UXC;B;X;1,4;30,96;45270,1;45301,06;29180,0;36976,0;8002,0;21,64;91,41;78,36;2182,71;186,75;11,69;17;198
ABYM76DAT;C;Z;3,84;7,51;10052,69;10060,19;2520,0;1760,0;0,0;0,0;100,0;100,0;189,09;8,89;21,27;0;198
ABZC45IMI;B;Z;4,4;101,07;368907,35;369008,43;81000,0;30052,0;2140,0;7,12;96,97;92,88;2256,16;151,78;14,86;6;198
ABZO08CDK;B;X;3,16;94,56;180171,27;180265,82;54400,0;46390,0;0,0;0,0;100,0;100,0;2990,61;234,29;12,76;0;198
ACFI41GPC;C;X;3,57;13,94;15568,94;15582,88;4180,0;3372,5;0,0;0,0;100,0;100,0;376,59;17,03;22,11;0;198
ACQO46NVK;C;Z;9,58;168,46;91098,39;91266,85;9360,0;9185,0;30,0;0,33;99,49;99,67;1666,62;46,39;35,93;1;198
ACQX88XCS;C;Z;3,01;31,77;0,0;31,77;0,0;17687,5;5850,0;33,07;95,45;66,93;1033,33;89,33;11,57;9;198
ACSA76DHG;A;Y;1,79;55,67;110619,37;110675,04;57132,0;59725,0;0,0;0,0;100,0;100,0;3174,27;301,64;10,52;0;198
ADML95JEA;C;Z;43,16;45,1;118144,97;118190,07;2728,0;3776,0;2208,0;58,47;97,47;41,53;104,24;19,07;5,47;5;198
ADRC82WLA;C;Y;11,4;48,79;56938,65;56987,44;4928,0;3836,0;288,0;7,51;97,47;92,49;412,24;19,37;21,28;5;198
AEYW04EAS;A;X;4,0;846,47;370908,8;371755,27;89280,0;74736,0;0,0;0,0;100,0;100,0;19860,91;377,45;52,62;0;198
AFJX14TPC;A;X;0,43;53,65;216561,81;216615,46;372960,0;302100,0;0,0;0,0;100,0;100,0;13007,27;1525,76;8,53;0;198
AFOI33TBC;B;X;3,28;41,95;43169,1;43211,06;12600,0;11242,0;0,0;0,0;100,0;100,0;1237,09;56,78;21,79;0;198
AGNE71LCM;A;X;3,68;1117,38;429451,22;430568,61;112200,0;96870,0;0,0;0,0;100,0;100,0;28494,55;489,24;58,24;0;198
AGOV90VAY;A;X;0,52;676,03;1772620,14;1773296,16;2656640,0;2049240,0;0,0;0,0;100,0;100,0;130816,57;10349,7;12,64;0;198
AHQU99GJT;B;Y;2,08;62,54;66748,41;66810,95;29904,0;27784,5;0,0;0,0;100,0;100,0;2909,05;140,33;20,73;0;198
AHRX26EUI;C;Y;0,55;1,56;2744,0;2745,56;3920,0;2660,0;70,0;2,63;99,49;97,37;274,7;13,43;20,45;1;198
AHSQ10ADO;B;X;2,96;56,34;110980,13;111036,48;35736,0;27468,0;684,0;2,49;98,48;97,51;1892,36;138,73;13,64;3;198
AJGB00SVU;C;X;1,6;27,37;28704,04;28731,4;16416,0;15599,0;0,0;0,0;100,0;100,0;1656,77;78,78;21,03;0;198
AJVS96PAY;C;Z;1,16;1,68;313,5;315,18;240,0;250,0;0,0;0,0;100,0;100,0;135,45;1,26;107,28;0;198
AKAO10DDE;B;Z;3,0;221,25;128782,85;129004,1;40854,0;12441,0;0,0;0,0;100,0;100,0;6855,39;62,83;109,1;0;198
AKQL51SZN;C;Y;4,28;39,68;17856,0;17895,68;4032,0;3984,0;56,0;1,41;98,99;98,59;874,67;20,12;43,47;2;198
ALAN21NRD;B;Z;1,09;12,58;34326,35;34338,93;27648,0;31352,0;9856,0;31,44;92,93;68,56;1170,67;158,34;7,39;14;198
ALUB59SPL;A;Y;0,76;49,94;146687,83;146737,78;160800,0;177850,0;75,0;0,04;99,49;99,96;6937,25;898,23;7,72;1;198
ALVC28NVJ;B;Z;1,9;39,37;169217,79;169257,16;82368,0;36816,0;3732,0;10,14;95,96;89,86;2072,73;185,94;11,15;8;198
AMGY06SEJ;C;X;3,71;4,44;2780,11;2784,56;720,0;606,0;0,0;0,0;100,0;100,0;113,45;3,06;37,07;0;198
AMLU50GCV;B;Y;1,83;68,26;46067,4;46135,66;23256,0;35135,0;1056,0;3,01;99,49;96,99;3608,73;177,45;20,34;1;198
ANEP69KSW;B;Y;3,12;77,9;128105,5;128183,4;39168,0;39233,0;0,0;0,0;100,0;100,0;2498,91;198,15;12,61;0;198
ANQN16GJA;C;Z;1,64;67,43;0,0;67,43;0,0;68400,0;3600,0;5,26;97,47;94,74;4126,87;345,45;11,95;5;198
AOXT12ZOZ;A;X;1,15;26,62;53052,12;53078,73;40820,0;41070,0;20,0;0,05;98,48;99,95;2341,31;207,42;11,29;3;198
AOZX54SFS;A;X;1,37;79,71;255509,75;255589,46;167832,0;133474,5;0,0;0,0;100,0;100,0;6027,27;674,11;8,94;0;198
APJW02QGZ;B;Y;1,18;72,31;38109,51;38181,83;28620,0;23010,0;0,0;0,0;100,0;100,0;5757,27;116,21;49,54;0;198
APMP40YNJ;C;Z;4,15;7,19;8261,33;8268,52;1920,0;1680,0;0,0;0,0;100,0;100,0;168,0;8,48;19,8;0;198
APPF51YRG;B;X;1,46;78,31;121721,83;121800,13;75452,0;92088,0;15303,0;16,62;93,94;83,38;5320,4;465,09;11,44;12;198
APZK92QSV;B;X;4,69;93,46;126892,04;126985,5;26208,0;26568,0;516,0;1,94;98,99;98,06;1967,64;134,18;14,66;2;198
AQBP13JJQ;C;Z;5,07;241,91;30039,65;30281,57;5760,0;1380,0;0,0;0,0;100,0;100,0;4409,09;6,97;632,61;0;198
AQDF70FXF;C;Z;18,79;54,66;8181,85;8236,51;432,0;186,0;0,0;0,0;100,0;100,0;269,06;0,94;286,42;0;198
AQEG79FFY;B;X;4,15;122,04;231433,01;231555,05;53760,0;48075,0;2730,0;5,68;96,97;94,32;2936,21;242,8;12,09;6;198
AQMC12QMF;B;X;2,79;32,72;58480,77;58513,49;19890,0;17780,0;990,0;5,57;97,47;94,43;1165,71;89,8;12,98;5;198
AQQZ89VBR;C;Z;6,89;23,05;3321,66;3344,71;471,85;984,0;0,0;0,0;100,0;100,0;313,39;4,97;63,06;0;198
AQTP36TVE;C;Z;7,29;154,25;114606,35;114760,6;15400,0;1772,0;16,0;0,9;99,49;99,1;1958,61;8,95;218,85;1;198
ARNR68HFV;A;X;0,07;150,04;1274515,92;1274665,96;5668800,0;4526800,0;16600,0;0,37;99,49;99,63;207592,93;22862,63;9,08;1;198
ARZE08ZTN;A;Y;0,61;0,21;1462,1;1462,31;1920,0;60560,0;57424,0;94,82;66,16;5,18;47,43;305,86;0,16;67;198
ASMO36ZYS;B;Z;2,52;109,94;49772,08;49882,01;18629,09;12719,0;266,0;2,09;99,49;97,91;4081,23;64,24;63,53;1;198
ATBC63UWV;C;X;2,93;31,79;43296,88;43328,67;14040,0;13390,0;430,0;3,21;98,48;96,79;1064,09;67,63;15,73;3;198
ATPH55ETY;C;X;3,59;19,7;35140,36;35160,06;9396,0;6948,0;740,0;10,65;95,45;89,35;537,15;35,09;15,31;9;198
ATQP40GEG;C;X;4,85;33,1;50400,0;50433,1;10080,0;7712,0;0,0;0,0;100,0;100,0;668,08;38,95;17,15;0;198
ATQV14KOX;B;X;1,24;39,2;80596,62;80635,82;57856,0;47440,0;0,0;0,0;100,0;100,0;3146,42;239,6;13,13;0;198
AUZL62GWE;C;Y;3,49;14,92;31445,37;31460,29;8640,0;9645,0;2700,0;27,99;90,91;72,01;429,14;48,71;8,81;18;198
AVDD37ADG;B;Z;1,38;0,0;0,0;0,0;0,0;2304,0;2304,0;100,0;99,49;0,0;0,0;11,64;0,0;1;198
AVIL64ITJ;A;Z;1,5;18,73;59484,62;59503,35;36144,0;56520,0;25368,0;44,88;82,32;55,12;1311,76;285,45;4,6;35;198
AVQK51NHG;C;X;0,33;11,64;5834,45;5846,08;12255,0;11640,0;540,0;4,64;98,48;95,36;3345,3;58,79;56,9;3;198
AVRZ64AAQ;B;Z;1,31;0,0;0,0;0,0;0,0;24,0;24,0;100,0;98,99;0,0;0,0;0,12;0,0;2;198
AVXZ77EDF;C;Y;2,77;1,47;0,0;1,47;0,0;120,0;0,0;0,0;100,0;100,0;49,58;0,61;81,8;0;198
AWMJ94SYI;C;Y;5,14;67,13;131110,65;131177,78;24786,0;19685,0;96,0;0,49;99,49;99,51;1302,88;99,42;13,1;1;198
AWTH00GNF;A;X;1,96;111,88;233279,56;233391,44;110448,0;104568,5;4654,0;4,45;96,97;95,55;5760,05;528,12;10,91;6;198
AXAN27EQX;B;Z;2,42;10,02;28172,51;28182,53;10944,0;11736,0;2464,0;21,0;97,47;79,0;427,92;59,27;7,22;5;198
AXXN38NAM;C;Z;2,03;2,18;2201,49;2203,66;1008,0;885,0;60,0;6,78;97,98;93,22;102,76;4,47;22,99;4;198
AXYH42OMU;C;X;4,62;40,67;52802,9;52843,56;11072,0;11180,0;296,0;2,65;98,48;97,35;866,51;56,46;15,35;3;198
AXYT24KOD;C;Z;7,77;23,65;18248,53;18272,19;2304,0;2820,0;330,0;11,7;97,98;88,3;293,15;14,24;20,58;4;198
AYBO60WQZ;C;Y;4,92;15,29;19437,95;19453,25;3832,0;3164,0;4,0;0,13;99,49;99,87;302,3;15,98;18,92;1;198
AYGO89PFR;C;X;3,49;54,32;80709,78;80764,1;22176,0;14760,0;0,0;0,0;100,0;100,0;1509,25;74,55;20,25;0;198
AYJL17UOV;B;Y;1,87;77,65;110289,72;110367,37;54540,0;58315,0;2848,0;4,88;98,48;95,12;4103,09;294,52;13,93;3;198
AZDS82KHA;C;Y;2,06;38,46;29199,31;29237,77;13200,0;10340,0;0,0;0,0;100,0;100,0;1771,23;52,22;33,92;0;198
AZSJ12JLU;B;Z;1,18;7,85;8277,18;8285,02;6240,0;16720,0;12496,0;74,74;90,91;25,26;636,2;84,44;7,53;18;198
AZUC15ENL;C;Y;6,16;39,35;50524,06;50563,4;8010,11;11741,0;7738,1307;65,91;61,11;34,09;609,19;59,3;10,27;77;198
AZYE75BBQ;C;Y;9,63;106,25;114910,76;115017,01;11745,0;10097,5;175,0;1,73;98,48;98,27;1066,64;51,0;20,92;3;198
BADM83ZDD;C;Y;2,85;14,86;12960,0;12974,86;4320,0;3912,0;176,0;4,5;97,98;95,5;499,62;19,76;25,29;4;198
BAHI62GTD;C;Z;2,77;5,07;4790,17;4795,24;1640,0;7728,0;2348,0;30,38;92,93;69,62;195,8;39,03;5,02;14;198
BBAK71NWV;C;Z;4,01;36,86;30265,14;30302,0;7280,0;9620,0;0,0;0,0;100,0;100,0;896,36;48,59;18,45;0;198
BBME69SAX;C;X;3,2;27,83;36889,88;36917,71;11007,0;10429,0;909,0;8,72;97,47;91,28;849,36;52,67;16,13;5;198
BCQG99GUK;C;;1,28;39,6;83431,17;83470,76;58320,0;34236,0;0,0;0,0;100,0;100,0;3022,97;172,91;17,48;0;198
BCYX01ARX;C;Z;13,6;18,37;5344,74;5363,11;388,75;1890,0;1302,5016;68,92;91,92;31,08;127,47;9,55;13,35;16;198
BDKP01NVC;C;X;2,77;42,9;24535,0;24577,9;8400,0;6785,0;0,0;0,0;100,0;100,0;1461,41;34,27;42,65;0;198
BDVG95KUF;B;Z;2,11;54,73;108274,25;108328,99;47832,0;43743,0;0,0;0,0;100,0;100,0;2607,76;220,92;11,8;0;198
BEAP02RSM;C;;4,33;30,77;12259,95;12290,72;2736,0;1332,0;324,0;24,32;98,99;75,68;660,0;6,73;98,11;2;198
BEKQ52MGL;C;Y;2,14;26,1;39200,0;39226,1;17150,0;16090,0;1620,0;10,07;95,96;89,93;1199,65;81,26;14,76;8;198
BFAR64YCA;A;X;0,85;203,74;301065,88;301269,62;302400,0;259960,0;0,0;0,0;100,0;100,0;23521,41;1312,93;17,92;0;198
BFCN97FQN;B;X;3,07;78,72;154170,25;154248,97;47880,0;41478,5;399,0;0,96;98,99;99,04;2571,02;209,49;12,27;2;198
BGLV15DIU;C;X;7,39;33,63;21707,49;21741,12;2880,0;2250,0;0,0;0,0;100,0;100,0;430,96;11,36;37,92;0;198
BGSL75BUY;A;Y;1,18;56,41;179742,18;179798,6;134960,0;140186,0;21210,0;15,13;94,95;84,87;5000,66;708,01;7,06;10;198
BHZL40AUJ;B;X;1,35;30,92;39746,9;39777,82;26432,0;22442,0;0,0;0,0;100,0;100,0;2218,65;113,34;19,57;0;198
BIBO01OBD;C;;8,16;4,01;2392,26;2396,27;288,0;276,0;96,0;34,78;99,49;65,22;46,18;1,39;33,13;1;198
BIDG61VWW;C;X;3,35;15,1;17640,0;17655,1;5040,0;3885,0;56,0;1,44;98,48;98,56;434,74;19,62;22,16;3;198
BITM21SNR;C;Z;5,22;67,67;21637,4;21705,06;4032,0;3312,0;0,0;0,0;100,0;100,0;1212,36;16,73;72,48;0;198
BIVH06LDP;C;Z;1,86;17,21;23712,93;23730,14;11808,0;18088,0;8832,0;48,83;87,88;51,17;900,36;91,35;9,86;24;198
BJBI95LKQ;B;Z;2,14;11,7;14262,86;14274,56;6240,0;19824,0;15096,0;76,15;89,39;23,85;529,01;100,12;5,28;21;198
BJGD13RPQ;C;Z;4,5;18,97;8190,62;8209,58;1760,0;3050,0;1090,0;35,74;89,9;64,26;398,03;15,4;25,84;20;198
BJMB93NDS;C;X;3,62;46,59;55675,69;55722,28;14784,0;15182,0;0,0;0,0;100,0;100,0;1264,36;76,68;16,49;0;198
BJZJ35YTW;C;X;1,56;14,22;25084,51;25098,72;14688,0;11784,0;0,0;0,0;100,0;100,0;900,61;59,52;15,13;0;198
BLHV10HLI;C;X;3,81;3,79;2853,32;2857,11;720,0;670,0;0,0;0,0;100,0;100,0;94,95;3,38;28,06;0;198
BMAD26TMH;C;Z;1,52;8,37;7334,73;7343,1;4400,0;7075,0;2360,0;33,36;88,38;66,64;532,15;35,73;14,89;23;198
BMLB33LZE;C;X;3,83;3,24;4780,85;4784,09;1200,0;962,0;2,0;0,21;99,49;99,79;82,65;4,86;17,01;1;198
BMMO53KQA;C;X;4,42;55,77;32916,73;32972,5;7200,0;8148,0;0,0;0,0;100,0;100,0;1203,68;41,15;29,25;0;198
BMQG92LCP;C;Y;3,44;9,06;16893,85;16902,91;4704,0;5619,0;434,0;7,72;91,41;92,28;268,76;28,38;9,47;17;198
BNVP82AGQ;C;Z;5,24;17,67;8545,05;8562,72;1584,0;1432,0;648,0;45,25;95,96;54,75;314,46;7,23;43,48;8;198
BNXX22JOY;C;Z;6,24;20,95;12428,1;12449,05;1944,0;2024,0;916,0;45,26;97,47;54,74;314,91;10,22;30,81;5;198
BOKH04OEU;B;Y;1,39;84,82;127435,52;127520,34;82664,0;109384,0;33392,0;30,53;90,91;69,47;6001,82;552,44;10,86;18;198
BOQF92TBE;A;Z;1,35;259,64;341745,24;342004,88;228460,0;219530,0;2980,0;1,36;98,48;98,64;18875,05;1108,74;17,02;3;198
BOWC67BKO;C;;6,99;11,53;24685,17;24696,71;3456,0;3280,0;1504,0;45,85;97,98;54,15;161,01;16,57;9,72;4;198
BPAI40OQL;C;Z;13,69;33,08;10420,01;10453,09;752,79;1722,0;1148,0;66,67;94,44;33,33;225,56;8,7;25,94;11;198
BPBN91QMP;C;Z;6,21;28,51;79028,94;79057,45;12432,0;10625,0;88,0;0,83;98,99;99,17;476,65;53,66;8,88;2;198
BPPR48ETE;C;Z;3,26;1,78;0,0;1,78;0,0;720,0;0,0;0,0;100,0;100,0;54,0;3,64;14,85;0;198
BPWV22RQW;B;X;4,82;92,16;220460,03;220552,19;44352,0;36976,0;216,0;0,58;99,49;99,42;1947,8;186,75;10,43;1;198
BQIO24HLH;B;X;2,03;33,09;105946,5;105979,59;48510,0;30600,0;260,0;0,85;98,48;99,15;1652,63;154,55;10,69;3;198
BRHL59TFX;A;X;1,57;143,05;244507,01;244650,06;142390,0;126482,0;5620,0;4,44;97,98;95,56;9023,84;638,8;14,13;4;198
BRLS89SHM;C;Z;3,39;0,11;0,0;0,11;0,0;120,0;20,0;16,67;98,99;83,33;3,43;0,61;5,67;2;198
BROX99EVJ;C;Z;1,11;2,84;1812,58;1815,41;1440,0;2988,0;768,0;25,7;94,95;74,3;247,21;15,09;16,38;10;198
BRPP97OAD;B;X;0,95;20,23;42847,89;42868,12;38880,0;31710,0;780,0;2,46;98,48;97,54;2114,36;160,15;13,2;3;198
BRWF46IRJ;C;X;2,81;19,06;26105,96;26125,02;8820,0;6051,5;91,0;1,5;99,49;98,5;655,42;30,56;21,44;1;198
BSCA09YZA;C;Z;1,1;2,46;3209,48;3211,94;2560,0;3600,0;2400,0;66,67;96,46;33,33;211,72;18,18;11,64;7;198
BSON74CHU;B;X;5,63;179,0;302702,25;302881,26;52400,0;59960,0;4960,0;8,27;97,98;91,73;3210,05;302,83;10,6;4;198
BTBT53HRF;B;X;4,31;79,48;119914,67;119994,14;26880,0;26330,0;5410,0;20,55;94,44;79,45;1804,9;132,98;13,57;11;198
BUAX02YXK;C;Z;3,84;1,55;11233,48;11235,03;2816,0;2178,0;585,0;26,86;96,97;73,14;45,27;11,0;4,12;6;198
BUFD91PLP;C;Z;6,34;12,83;14528,24;14541,07;2240,0;1862,0;504,0;27,07;94,44;72,93;193,53;9,4;20,58;11;198
BULO99HHM;C;Z;1,36;8,09;17429,92;17438,0;11520,0;12090,0;2550,0;21,09;98,48;78,91;595,0;61,06;9,74;3;198
BUPG01JRN;C;;42,85;6,79;17286,0;17292,79;402,0;672,0;306,0;45,54;98,48;54,46;16,45;3,39;4,85;3;198
BVLD98PJM;C;Z;2,03;28,83;24679,35;24708,18;11300,0;10465,0;0,0;0,0;100,0;100,0;1359,24;52,85;25,72;0;198
BVLG54IQX;C;Z;3,97;3,63;2271,9;2275,53;552,0;1353,0;1018,0;75,24;89,39;24,76;86,07;6,83;12,6;21;198
BVZS73UON;C;Z;2,74;0,36;577,35;577,71;200,0;213,0;57,0;26,76;96,46;73,24;12,8;1,08;11,9;7;198
BWIM68WJM;C;Y;3,6;15,21;17079,88;17095,09;4560,0;3595,5;0,0;0,0;100,0;100,0;408,08;18,16;22,47;0;198
BWVL00BWL;C;Y;4,66;10,3;0,0;10,3;0,0;1470,0;168,0;11,43;97,47;88,57;210,55;7,42;28,36;5;198
BXEG08XWA;C;Z;1,19;8,12;3598,59;3606,72;2685,0;2683,0;1145,0;42,68;86,36;57,32;636,94;13,55;47,0;27;198
BZIB63IFG;C;X;1,45;8,22;8727,97;8736,19;5460,0;4702,5;255,0;5,42;97,98;94,58;545,3;23,75;22,96;4;198
BZYZ27CEW;C;Z;1,49;20,38;1439,13;1459,51;880,0;557,5;0,0;0,0;100,0;100,0;1267,15;2,82;450,04;0;198
CAHI28NDA;B;X;2,2;100,63;143222,72;143323,34;60984,0;60337,5;12880,0;21,35;94,44;78,65;4458,4;304,73;14,63;11;198
CAIJ02DXV;C;Z;1,62;39,46;27506,9;27546,36;15552,0;10908,0;1836,0;16,83;89,9;83,17;2292,55;55,09;41,61;20;198
CAOT92ECU;C;Z;1,1;48,24;30829,33;30877,58;24640,0;18880,0;0,0;0,0;100,0;100,0;4133,33;95,35;43,35;0;198
CBTL80HNX;C;X;17,77;76,42;154832,0;154908,42;8640,0;6672,0;222,0;3,33;97,98;96,67;428,97;33,7;12,73;4;198
CBUE73IQD;C;Z;11,26;1474,36;0,0;1474,36;0,0;76310,0;0,0;0,0;100,0;100,0;12457,42;385,4;32,32;0;198
CCST26REJ;C;Z;3,55;8,19;2396,4;2404,59;648,0;401,0;0,0;0,0;100,0;100,0;214,67;2,03;106,0;0;198
CDNX62QVY;A;X;0,62;20,45;100440,0;100460,45;129600,0;175032,0;66132,0;37,78;80,81;62,22;3565,45;884,0;4,03;38;198
CEDN88DWP;C;Z;2,91;4,01;587,98;592,0;192,0;160,0;0,0;0,0;100,0;100,0;127,8;0,81;158,15;0;198
CFSF52FDS;C;Z;1,56;2,89;2033,0;2035,89;1188,0;3250,0;1746,0;53,72;81,82;46,28;178,51;16,41;10,88;36;198
CGME36BZF;C;Z;3,51;41,74;18466,99;18508,72;5040,0;4090,0;200,0;4,89;99,49;95,11;1114,39;20,66;53,95;1;198
CGNN82OHK;C;X;1,46;7,6;4168,8;4176,4;2592,0;2508,0;80,0;3,19;98,99;96,81;492,36;12,67;38,87;2;198
CGOB65SGW;A;X;1,39;220,6;295665,07;295885,67;191790,0;148954,5;0,0;0,0;100,0;100,0;15363,54;752,3;20,42;0;198
CGXK58LSV;C;Y;3,39;45,05;12724,96;12770,02;3590,0;1315,0;0,0;0,0;100,0;100,0;1229,95;6,64;185,19;0;198
CGXU62CFR;A;X;0,09;200,58;816112,34;816312,92;3369600,0;2648250,0;0,0;0,0;100,0;100,0;213893,18;13375,0;15,99;0;198
CHHE55HDP;C;Z;2,45;66,24;74939,39;75005,63;28850,0;20875,0;1725,0;8,26;97,98;91,74;2591,16;105,43;24,58;4;198
CHNM68VZF;C;X;2,98;20,31;40177,3;40197,61;12846,0;12849,0;1248,0;9,71;96,46;90,29;687,24;64,89;10,59;7;198
CHPD62HCA;A;X;0,46;128,19;282353,29;282481,49;466020,0;416330,0;7920,0;1,9;97,98;98,1;27981,52;2102,68;13,31;4;198
CHRF16PET;C;Y;1,05;1,04;2309,79;2310,83;1920,0;1660,0;40,0;2,41;98,99;97,59;99,44;8,38;11,86;2;198
CIDP66VOX;C;Z;5,36;14,83;10909,23;10924,06;1980,0;1164,0;0,0;0,0;100,0;100,0;260,91;5,88;44,38;0;198
CIUV27OFQ;B;Y;2,4;50,91;95526,66;95577,57;37440,0;30402,0;486,0;1,6;99,49;98,4;2105,09;153,55;13,71;1;198
CJDD29FZZ;C;X;2,96;3,24;3130,4;3133,64;1008,0;972,0;64,0;6,58;97,98;93,42;105,54;4,91;21,5;4;198
CJHX73LAS;C;Z;6,64;50,77;26871,43;26922,19;3960,0;3280,0;0,0;0,0;100,0;100,0;721,72;16,57;43,57;0;198
CJQD68FGI;C;Z;4,09;15,39;4277,47;4292,86;1008,0;858,0;0,0;0,0;100,0;100,0;350,82;4,33;80,96;0;198
CKYC93HJE;C;Y;13,12;83,95;46714,67;46798,62;3520,0;2696,0;144,0;5,34;98,99;94,66;602,63;13,62;44,26;2;198
CMNC99EEN;A;X;0,51;186,3;218767,06;218953,36;332800,0;282250,0;0,0;0,0;100,0;100,0;35270,71;1425,51;24,74;0;198
CMNM87DEF;C;Y;2,93;1,14;851,14;852,27;276,0;804,0;444,0;55,22;92,93;44,78;37,58;4,06;9,25;14;198
CMQF44EQT;C;Y;3,54;27,84;3925,1;3952,94;1064,0;1500,0;0,0;0,0;100,0;100,0;732,69;7,58;96,71;0;198
CNLX46BDJ;B;X;1,47;27,89;40109,56;40137,45;24750,0;36675,0;10725,0;29,24;89,9;70,76;1879,04;185,23;10,14;20;198
CNRI33YVT;C;;4,3;19,67;19218,19;19237,86;4320,0;2016,0;72,0;3,57;99,49;96,43;431,64;10,18;42,39;1;198
COPM90NQS;B;Y;3,56;46,29;0,0;46,29;0,0;4490,0;18,0;0,4;99,49;99,6;1219,76;22,68;53,79;1;198
CPAP94WOL;C;Y;2,56;29,87;30066,71;30096,58;11088,0;8743,0;0,0;0,0;100,0;100,0;1119,08;44,16;25,34;0;198
CPQC93HQC;C;Z;4,13;49,43;74900,98;74950,41;17496,0;16749,0;396,0;2,36;99,49;97,64;1185,52;84,59;14,01;1;198
CQMB14NXU;C;Y;3,81;2,89;2567,7;2570,59;648,0;489,0;0,0;0,0;100,0;100,0;72,42;2,47;29,33;0;198
CQUZ39ZBK;C;X;11,34;406,99;60948,62;61355,6;5304,3;10809,5;0,0;0,0;100,0;100,0;3362,45;54,59;61,59;0;198
CQWA43VUS;B;Y;2,85;37,53;58080,0;58117,53;19360,0;28192,0;12092,0;42,89;90,4;57,11;1295,15;142,38;9,1;19;198
CRAI19FYQ;C;Z;10,71;7,27;3517,71;3524,98;324,0;258,0;0,0;0,0;100,0;100,0;63,88;1,3;49,02;0;198
CRKD01DKB;C;Z;3,72;19,28;37654,12;37673,39;9720,0;7236,0;288,0;3,98;97,98;96,02;512,18;36,55;14,01;4;198
CRPT93HWZ;B;X;1,69;63,41;97843,52;97906,92;53064,0;46679,0;0,0;0,0;100,0;100,0;3685,94;235,75;15,63;0;198
CRQL91UBX;C;X;2,77;17,07;11432,38;11449,45;3920,0;2650,0;0,0;0,0;100,0;100,0;582,27;13,38;43,51;0;198
CSPR32GGQ;B;X;3,44;22,42;59818,01;59840,43;16656,0;14550,0;284,0;1,95;97,98;98,05;672,53;73,48;9,15;4;198
CTZV65KKO;C;;1,11;0,85;6444,71;6445,56;5120,0;4608,0;1536,0;33,33;96,97;66,67;86,06;23,27;3,7;6;198
CUDJ16ZPV;C;Z;1,35;19,68;66083,18;66102,86;44100,0;34805,0;0,0;0,0;100,0;100,0;1521,06;175,78;8,65;0;198
CUQW96QKG;C;Y;9,28;76,8;122194,29;122271,08;12960,0;8470,0;170,0;2,01;98,48;97,99;804,8;42,78;18,81;3;198
CVTY97UTZ;C;Y;5,96;46,97;17824,59;17871,57;2916,0;1889,0;66,0;3,49;99,49;96,51;735,33;9,54;77,08;1;198
CWFV18CLS;B;X;1,27;21,88;37974,56;37996,43;26752,0;21053,0;0,0;0,0;100,0;100,0;1694,63;106,33;15,94;0;198
CWZN42MUK;C;Z;0,12;2,17;3866,67;3868,84;14400,0;28142,5;14830,0;52,7;87,37;47,3;1754,92;142,13;12,35;25;198
CXUJ33EOP;A;X;0,57;169,34;572306,4;572475,74;793296,0;678682,0;25392,0;3,74;98,99;96,26;30613,58;3427,69;8,93;2;198
CYBQ50FXG;C;Z;9,61;7,46;7029,82;7037,28;720,0;456,0;0,0;0,0;100,0;100,0;73,82;2,3;32,05;0;198
CYEY37KJI;B;Y;5,26;87,03;179034,77;179121,79;33120,0;27321,0;0,0;0,0;100,0;100,0;1664,24;137,98;12,06;0;198
CYIL54NKH;C;Z;20,4;98,6;17098,73;17197,33;832,0;564,0;0,0;0,0;100,0;100,0;448,32;2,85;157,39;0;198
CYJA63XLN;C;X;7,14;111,8;121176,0;121287,8;16632,0;12444,0;180,0;1,45;99,49;98,55;1506,06;62,85;23,96;1;198
CYOC41WYB;B;X;2,17;47,81;45369,6;45417,41;19584,0;17796,0;0,0;0,0;100,0;100,0;2123,82;89,88;23,63;0;198
CYUC22ZBQ;C;Z;4,59;48,5;68273,87;68322,37;14400,0;13071,0;0,0;0,0;100,0;100,0;1039,76;66,02;15,75;0;198
CZIS04ACI;A;X;1,05;108,78;310768,11;310876,89;259200,0;223660,0;1000,0;0,45;99,49;99,55;10683,03;1129,6;9,46;1;198
CZKW28LKO;B;X;0,96;15,62;19430,36;19445,98;17550,0;15940,0;0,0;0,0;100,0;100,0;1585,05;80,51;19,69;0;198
CZLZ12MWM;C;Y;4,01;40,21;74024,34;74064,55;17808,0;15657,0;918,0;5,86;96,97;94,14;999,42;79,08;12,64;6;198
DAUW47KKI;C;Y;7,35;31,54;100530,83;100562,37;13412,0;17057,99;5271,0;30,9;84,85;69,1;455,28;86,15;5,28;30;198
DAWL45NTI;C;Z;23,49;60,11;17022,71;17082,82;720,0;384,0;0,0;0,0;100,0;100,0;237,78;1,94;122,6;0;198
DAZV00ZDO;C;Z;3,73;27,79;12695,65;12723,44;3276,0;1278,0;54,0;4,23;98,99;95,77;693,64;6,45;107,46;2;198
DCCI03FJF;C;Z;3,95;128,0;0,0;128,0;0,0;6480,0;0,0;0,0;100,0;100,0;3022,55;32,73;92,36;0;198
DCYY41OXM;B;X;1,39;29,07;79306,5;79335,57;51444,0;40986,0;912,0;2,23;97,47;97,77;2127,94;207,0;10,28;5;198
DDHH31OLZ;B;Z;1,79;22,63;52393,76;52416,39;27060,0;17670,0;1690,0;9,56;98,48;90,44;1248,64;89,24;13,99;3;198
DDQO79YYY;C;Z;4,07;29,62;36502,53;36532,15;8640,0;7834,0;664,0;8,48;95,96;91,52;706,14;39,57;17,85;8;198
DDZF92MUD;C;Y;3,75;1,46;0,0;1,46;0,0;2784,0;2232,0;80,17;93,43;19,83;38,63;14,06;2,75;13;198
DECH95SPM;B;Y;2,4;165,15;181656,81;181821,96;71280,0;62330,0;0,0;0,0;100,0;100,0;6661,31;314,8;21,16;0;198
DENH39GDU;C;Z;3,7;1,48;2910,07;2911,56;756,0;2208,0;1224,0;55,43;96,97;44,57;41,97;11,15;3,76;6;198
DETF05GUN;B;Y;4,1;66,78;227810,76;227877,54;53568,0;19416,0;2672,0;13,76;97,47;86,24;1584,89;98,06;16,16;5;198
DEUT18EKM;C;Y;2,18;20,3;0,0;20,3;0,0;714,0;0,0;0,0;100,0;100,0;860,93;3,61;238,75;0;198
DEZG49HBU;C;Y;2,42;11,64;15769,6;15781,24;6144,0;5090,0;80,0;1,57;99,49;98,43;469,39;25,71;18,26;1;198
DFEL35GOO;C;Z;1,22;10,42;20670,63;20681,05;15120,0;15390,0;3672,0;23,86;89,9;76,14;848,18;77,73;10,91;20;198
DGID45KCK;A;X;2,14;99,29;214638,94;214738,23;93612,0;57448,0;0,0;0,0;100,0;100,0;4560,91;290,14;15,72;0;198
DHWN85BFH;C;Z;5,44;33,12;60118,51;60151,63;10752,0;7266,0;344,0;4,73;97,47;95,27;595,96;36,7;16,24;5;198
DISR36IAW;B;Z;0,57;64,15;85492,36;85556,52;119040,0;134722,0;1380,0;1,02;97,98;98,98;11080,3;680,41;16,28;4;198
DJCG91CEP;C;Z;3,3;2,17;1657,35;1659,52;480,0;1676,0;1284,0;76,61;87,37;23,39;62,51;8,46;7,38;25;198
DJDD16MJM;B;X;3,3;22,93;52860,96;52883,89;15300,0;19248,0;2316,0;12,03;93,94;87,97;725,03;97,21;7,46;12;198
DJSM93SUD;B;Z;1,25;24,12;17158,01;17182,13;12240,0;17315,0;0,0;0,0;100,0;100,0;1863,23;87,45;21,31;0;198
DJVI99GND;B;Y;3,54;70,01;105690,05;105760,06;28650,0;34251,0;1806,0;5,27;95,96;94,73;1987,18;172,98;11,49;8;198
DKDE49QWW;C;Y;2,6;8,99;7029,48;7038,47;2560,0;2968,0;856,0;28,84;94,95;71,16;329,9;14,99;22,01;10;198
DKEY88BQS;B;Y;0,24;3,53;11141,57;11145,1;28224,0;24016,0;1536,0;6,4;95,96;93,6;1443,23;121,29;11,9;8;198
DLGZ60BGP;C;Y;2,27;27,66;44412,21;44439,86;18360,0;19450,0;3620,0;18,61;91,92;81,39;1203,38;98,23;12,25;16;198
DLPB83LMJ;C;Y;1,72;2,8;0,0;2,8;0,0;1092,0;0,0;0,0;100,0;100,0;155,48;5,52;28,19;0;198
DLRA77DWW;C;Z;9,23;30,8;0,0;30,8;0,0;552,0;0,0;0,0;100,0;100,0;310,3;2,79;111,3;0;198
DLWL95GVA;C;Z;3,75;0,32;624,28;624,6;160,0;2830,0;2760,0;97,53;58,59;2,47;8,18;14,29;0,57;82;198
DMHG88IKV;A;X;0,5;29,88;99039,26;99069,14;153216,0;124325,0;270,0;0,22;98,99;99,78;6174,87;627,9;9,83;2;198
DMND61MOE;B;Z;4,89;45,29;17411,71;17457,0;3456,0;5408,0;0,0;0,0;100,0;100,0;881,29;27,31;32,27;0;198
DMWW72ZFU;B;X;7,19;124,98;300877,76;301002,74;41008,0;35692,0;1768,0;4,95;97,98;95,05;1774,18;180,26;9,84;4;198
DMXD68DCV;A;X;3,56;175,5;275986,29;276161,79;74304,0;61488,0;600,0;0,98;99,49;99,02;4845,94;310,55;15,6;1;198
DMXX95UHE;C;X;4,08;15,63;7305,06;7320,69;1728,0;1518,0;0,0;0,0;100,0;100,0;361,09;7,67;47,1;0;198
DNKD63EQL;C;Y;0,67;11,49;7905,31;7916,79;9600,0;4530,0;0,0;0,0;100,0;100,0;1594,85;22,88;69,71;0;198
DOLF60TDO;B;Y;3,78;181,99;370706,18;370888,17;94320,0;90813,0;1518,0;1,67;97,98;98,33;4888,21;458,65;10,66;4;198
DOVH26ICA;C;X;2,75;16,14;9146,75;9162,9;3150,0;3000,0;0,0;0,0;100,0;100,0;555,45;15,15;36,66;0;198
DPFP00PPJ;B;Y;3,67;93,91;227310,73;227404,64;59520,0;39662,0;1608,0;4,05;97,98;95,95;2551,25;200,31;12,74;4;198
DQDW59EWW;C;Z;6,42;3,8;0,0;3,8;0,0;416,0;0,0;0,0;100,0;100,0;56,63;2,1;26,95;0;198
DQIB46WZL;A;Z;0,18;21,12;128316,42;128337,54;384384,0;380100,0;78260,0;20,59;95,96;79,41;12113,78;1919,7;6,31;8;198
DQST71BFV;C;Y;0,31;4,18;0,0;4,18;0,0;4432,5;0,0;0,0;100,0;100,0;1280,76;22,39;57,21;0;198
DRIH34TYV;C;Z;1,93;0,09;0,0;0,09;0,0;24,0;0,0;0,0;100,0;100,0;4,24;0,12;35,0;0;198
DRNI18DTG;C;Y;1,67;8,37;6993,9;7002,27;3840,0;3272,0;0,0;0,0;100,0;100,0;478,06;16,53;28,93;0;198
DRRK91SFW;C;X;4,31;28,07;50743,85;50771,93;11376,0;8910,0;0,0;0,0;100,0;100,0;645,24;45,0;14,34;0;198
DRSF41ZYM;B;X;1,64;56,18;108039,27;108095,46;60480,0;56216,0;2424,0;4,31;96,97;95,69;3436,28;283,92;12,1;6;198
DSCF88MNK;C;Z;5,07;52,38;0,0;52,38;0,0;1502,0;0,0;0,0;100,0;100,0;960,73;7,59;126,65;0;198
DSXA45MHY;C;Y;2,06;26,34;30367,28;30393,62;13728,0;11346,0;0,0;0,0;100,0;100,0;1234,67;57,3;21,55;0;198
DTHH24RED;C;Z;7,35;23,81;32532,75;32556,56;4336,0;3458,0;0,0;0,0;100,0;100,0;315,91;17,46;18,09;0;198
DUNO11XHP;C;X;2,73;39,65;30126,06;30165,71;10450,0;7805,0;0,0;0,0;100,0;100,0;1376,72;39,42;34,93;0;198
DUVM50USJ;A;X;0,68;147,71;362978,24;363125,95;438336,0;348816,0;984,0;0,28;99,49;99,72;21835,27;1761,7;12,39;1;198
DUVP29CJD;C;X;3,1;22,34;36077,07;36099,41;11088,0;14604,0;5106,0;34,96;88,89;65,04;711,36;73,76;9,64;22;198
DVIH38MJZ;C;Z;3,42;36,54;25624,0;25660,53;7182,0;7662,0;84,0;1,1;98,99;98,9;1023,58;38,7;26,45;2;198
DVKW42JPW;C;Y;20,4;10,0;7891,72;7901,72;384,0;462,0;48,0;10,39;98,99;89,61;47,27;2,33;20,26;2;198
DWFK27YVX;B;Z;8,75;8,36;7477,53;7485,89;840,0;13460,0;13460,0;100,0;85,35;0,0;88,03;67,98;1,29;29;198
DWXW23ROK;C;Y;3,75;18,33;6742,45;6760,78;1728,0;2358,0;0,0;0,0;100,0;100,0;462,3;11,91;38,82;0;198
DXIM33ZCA;C;X;2,2;24,13;19727,65;19751,77;8400,0;6885,0;135,0;1,96;98,48;98,04;1045,53;34,77;30,07;3;198
DYDY24MSI;B;Z;1,72;53,33;70589,47;70642,8;37760,0;49619,0;12968,0;26,14;91,41;73,86;3044,0;250,6;12,15;17;198
DYNA08VND;C;Z;1,84;71,96;33784,09;33856,05;16992,0;11688,0;5520,0;47,23;96,46;52,77;3639,15;59,03;61,65;7;198
DYNJ09FYL;C;Y;3,95;38,48;12950,76;12989,24;3159,0;2567,5;0,0;0,0;100,0;100,0;910,92;12,97;70,25;0;198
DZGP51BXD;C;Z;2,27;34,06;25967,71;26001,77;10752,0;18572,0;7576,0;40,79;92,42;59,21;1441,45;93,8;15,37;15;198
DZTV28HGD;C;Z;5,79;10,86;12830,09;12840,94;2160,0;2164,0;0,0;0,0;100,0;100,0;183,78;10,93;16,82;0;198
DZUE62FEX;B;Z;5,14;12,78;4401,04;4413,82;832,0;5728,0;4472,0;78,07;74,75;21,93;235,6;28,93;8,14;50;198
EAFE90WKR;B;Y;1,6;13,83;20311,04;20324,87;11616,0;13220,0;0,0;0,0;100,0;100,0;863,96;66,77;12,94;0;198
EAVM81BXB;C;Y;5,03;114,3;54346,09;54460,39;10494,0;7717,5;0,0;0,0;100,0;100,0;2134,0;38,98;54,75;0;198
EAZW56VJA;C;Z;4,75;26,45;36311,53;36337,98;7416,0;8050,5;891,0;11,07;95,96;88,93;549,82;40,66;13,52;8;198
EBBS11TLR;C;X;1,45;6,28;9692,25;9698,53;6048,0;5004,0;24,0;0,48;99,49;99,52;423,52;25,27;16,76;1;198
EBOS00RII;C;Z;4,18;32,54;12438,07;12470,61;2870,0;2795,0;430,0;15,38;96,97;84,62;728,79;14,12;51,63;6;198
ECKB59VZZ;B;X;1,75;35,29;80028,0;80063,29;42120,0;36504,0;1056,0;2,89;97,98;97,11;2037,64;184,36;11,05;4;198
EDRV73GXD;C;X;4,04;25,67;16102,96;16128,62;3840,0;3909,0;66,0;1,69;99,49;98,31;604,52;19,74;30,62;1;198
EEPK36WCP;C;X;1,71;18,37;28834,15;28852,52;15540,0;10782,0;0,0;0,0;100,0;100,0;1047,15;54,45;19,23;0;198
EEVG71ZRL;A;X;0,41;854,48;2088003,27;2088857,75;3734640,0;3039187,5;0,0;0,0;100,0;100,0;207871,64;15349,43;13,54;0;198
EFRT03INZ;A;X;1,13;1245,49;4139615,18;4140860,66;3227040,0;2795355,0;0,0;0,0;100,0;100,0;115459,55;14117,95;8,18;0;198
EFRT58ZXO;B;Z;1,46;65,64;65123,08;65188,72;40368,0;131226,0;88464,0;67,41;74,24;32,59;4350,61;662,76;6,56;51;198
EGBS04MIC;A;X;0,9;43,43;77771,08;77814,51;73920,0;61060,0;0,0;0,0;100,0;100,0;4745,66;308,38;15,39;0;198
EGDC22FMA;C;Y;2,46;26,85;7278,84;7305,69;2790,0;2430,0;0,0;0,0;100,0;100,0;1018,69;12,27;83,0;0;198
EHMN85AVL;B;X;1,97;10,13;30961,76;30971,89;14592,0;15720,0;4304,0;27,38;87,37;72,62;531,23;79,39;6,69;25;198
EILO87FSQ;A;X;1,47;95,16;138858,33;138953,49;85500,0;97467,0;19260,0;19,76;91,92;80,24;6345,3;492,26;12,89;16;198
EJEL16XKW;C;Z;3,18;30,37;5668,48;5698,85;1700,0;1570,0;0,0;0,0;100,0;100,0;887,07;7,93;111,87;0;198
EJNQ36YZQ;C;Y;19,14;31,23;7427,36;7458,59;385,0;539,0;84,0;15,58;99,49;84,42;152,66;2,72;56,08;1;198
EJXK43CIV;C;Y;3,7;21,16;22616,22;22637,38;5880,0;4298,0;301,0;7,0;96,97;93,0;547,8;21,71;25,24;6;198
EJYJ78YSW;C;Y;4,74;37,64;21129,15;21166,79;4320,0;2772,0;48,0;1,73;99,49;98,27;745,52;14,0;53,25;1;198
EKGC04LZQ;B;Y;2,26;63,84;59794,03;59857,87;24786,0;28282,0;0,0;0,0;100,0;100,0;2743,85;142,84;19,21;0;198
EKSV29ZXO;B;X;3,78;91,22;257513,45;257604,67;65520,0;52162,0;5571,0;10,68;96,46;89,32;2459,41;263,44;9,34;7;198
EKZD71FSB;C;Y;3,6;8,74;356,39;365,13;95,0;570,0;225,0;39,47;98,99;60,53;225,38;2,88;78,29;2;198
EMGH86RXJ;A;X;0,06;2,36;22464,0;22466,36;104832,0;107184,0;10304,0;9,61;95,45;90,39;3875,88;541,33;7,16;9;198
ENFR62LON;B;X;2,01;49,97;55921,43;55971,41;25920,0;18710,0;100,0;0,53;98,99;99,47;2388,48;94,49;25,28;2;198
ENMS51USW;C;Y;2,87;21,25;7102,72;7123,97;2352,0;1818,0;552,0;30,36;94,95;69,64;688,97;9,18;75,04;10;198
ENNH63UYJ;B;Y;1,73;90,29;138378,08;138468,36;73638,0;79478,0;0,0;0,0;100,0;100,0;5214,03;401,4;12,99;0;198
EOCA29ISV;C;Z;5,26;171,68;54488,84;54660,52;10080,0;8440,0;0,0;0,0;100,0;100,0;3053,43;42,63;71,63;0;198
EORW09QCA;C;X;19,1;111,28;128763,67;128874,95;6688,0;6662,0;52,0;0,78;99,49;99,22;570,3;33,65;16,95;1;198
EOWT02POH;C;Z;0,89;8,38;18106,63;18115,01;17416,0;25914,0;9380,0;36,2;93,43;63,8;951,29;130,88;7,27;13;198
EPWC52AUO;A;X;0,35;270,2;917061,39;917331,6;1820500,0;1248662,5;0,0;0,0;100,0;100,0;76710,73;6306,38;12,16;0;198
EQTQ03IXQ;B;;0,31;53,82;45739,86;45793,68;99360,0;60570,0;2340,0;3,86;98,48;96,14;16277,73;305,91;53,21;3;198
EQUZ91VJN;C;Z;2,74;0,48;0,0;0,48;0,0;1818,0;0,0;0,0;100,0;100,0;25,18;9,18;2,74;0;198
ERIM01DPG;C;X;5,75;20,83;48553,99;48574,83;8232,0;6878,0;12,0;0,17;98,99;99,83;368,71;34,74;10,61;2;198
ERIO34WXJ;B;X;0,59;62,59;67494,32;67556,9;90720,0;76660,0;0,0;0,0;100,0;100,0;10099,39;387,17;26,09;0;198
ESGO82VKN;C;Z;6,38;7,95;57010,14;57018,09;8736,0;3074,0;824,0;26,81;96,46;73,19;126,28;15,53;8,13;7;198
ESNE13YPM;C;Y;5,55;1,97;3191,22;3193,19;560,0;1080,0;300,0;27,78;97,47;72,22;36,67;5,45;6,72;5;198
ESNI97XJF;A;X;0,51;128,31;161765,84;161894,16;245024,0;191516,0;0,0;0,0;100,0;100,0;24148,09;967,25;24,97;0;198
ETHD21MRJ;B;Z;1,47;67,09;101420,18;101487,27;62448,0;102716,0;43967,0;42,8;88,38;57,2;4491,68;518,77;8,66;23;198
ETOZ73RPG;A;Y;2,06;66,16;170099,26;170165,42;76896,0;202110,0;122976,0;60,85;87,88;39,15;3357,0;1020,76;3,29;24;198
EUAQ00JNU;C;Z;6,84;0,0;0,0;0,0;0,0;10,0;10,0;100,0;99,49;0,0;0,0;0,05;0,0;1;198
EUEC33VDU;C;Z;2,83;29,74;6043,01;6072,75;2028,0;1680,0;972,0;57,86;95,96;42,14;972,3;8,48;114,59;8;198
EUKN02AQD;C;Z;1,98;9,28;1685,33;1694,61;792,0;1920,0;168,0;8,75;99,49;91,25;441,09;9,7;45,49;1;198
EUQJ35PNX;C;Y;4,1;106,21;51964,36;52070,58;12240,0;11520,0;0,0;0,0;100,0;100,0;2448,64;58,18;42,09;0;198
EVTW65WNM;C;Y;2,27;30,23;33908,73;33938,96;14040,0;16231,5;0,0;0,0;100,0;100,0;1312,18;81,98;16,01;0;198
EWDZ03KHM;C;;1,46;21,38;0,0;21,38;0,0;1620,0;120,0;7,41;99,49;92,59;1361,82;8,18;166,44;1;198
EWFE27WFU;C;X;0,27;5,73;6033,1;6038,83;14400,0;11725,0;0,0;0,0;100,0;100,0;2022,73;59,22;34,16;0;198
EWFT71UVQ;B;Y;9,08;70,04;151583,97;151654,01;16416,0;28002,0;12696,0;45,34;87,88;54,66;788,0;141,42;5,57;24;198
EWIH71EDZ;B;Z;1,41;2,89;4215,64;4218,53;2700,0;71411,0;68611,0;96,08;58,08;3,92;203,03;360,66;0,56;83;198
EWQN11HAC;A;Y;1,18;93,95;103474,28;103568,23;77694,0;93814,0;0,0;0,0;100,0;100,0;7801,18;473,81;16,46;0;198
EXHX97JSF;C;Y;2,05;3,71;2110,03;2113,73;960,0;1250,0;0,0;0,0;100,0;100,0;173,08;6,31;27,42;0;198
EXPM07IKN;C;X;4,92;10,79;27832,0;27842,79;5488,0;4996,0;216,0;4,32;96,46;95,68;226,14;25,23;8,96;7;198
EXUJ38JPL;C;Z;3,79;15,02;3117,48;3132,5;792,0;582,0;0,0;0,0;100,0;100,0;368,67;2,94;125,42;0;198
EYKJ62LHJ;C;Z;3,97;0,63;1014,15;1014,78;246,0;266,0;62,0;23,31;95,45;76,69;15,65;1,34;11,65;9;198
EYRH43VWB;B;Y;1,6;120,76;139404,32;139525,08;79596,0;84381,5;0,0;0,0;100,0;100,0;7376,7;426,17;17,31;0;198
EZHF94FIP;B;Z;6,23;897,0;497395,34;498292,33;77924,0;35849,0;0,0;0,0;100,0;100,0;13445,39;181,06;74,26;0;198
EZVC35JWO;C;;2,08;0,8;3859,2;3860,0;1728,0;2268,0;0,0;0,0;100,0;100,0;46,77;11,45;4,08;0;198
FADF43BYH;B;X;2,91;89,83;151895,47;151985,3;49600,0;51800,0;5380,0;10,39;95,96;89,61;3077,27;261,62;11,76;8;198
FALA86UKJ;C;Z;2,48;13,43;9618,65;9632,08;3664,0;6592,0;0,0;0,0;100,0;100,0;533,58;33,29;16,03;0;198
FANH24JCJ;B;X;3,4;134,48;203805,8;203940,29;57456,0;46764,0;90,0;0,19;98,99;99,81;3884,45;236,18;16,45;2;198
FAVC49ZQG;B;X;1,61;25,9;68532,85;68558,74;38880,0;29062,0;96,0;0,33;98,99;99,67;1626,51;146,78;11,08;2;198
FBAC36ALE;C;Z;1,44;1,7;5349,22;5350,92;3360,0;4382,0;504,0;11,5;98,99;88,5;128,26;22,13;5,8;2;198
FBKY82IGW;C;X;2,63;23,16;19529,25;19552,41;7020,0;5750,0;0,0;0,0;100,0;100,0;840,0;29,04;28,93;0;198
FCWC58ZGA;B;X;2,25;91,22;140894,36;140985,58;58752,0;51840,0;1056,0;2,04;98,99;97,96;3996,48;261,82;15,26;2;198
FDDX32NBQ;A;X;5,94;642,7;1153522,77;1154165,47;189504,0;146392,0;3684,0;2,52;99,49;97,48;10698,48;739,35;14,47;1;198
FDNK25WTI;B;X;7,57;65,3;131826,55;131891,85;17080,0;19884,0;2104,0;10,58;95,45;89,42;885,13;100,42;8,81;9;198
FDPC43EZS;C;Z;1,89;15,94;34610,04;34625,97;16996,0;17552,5;3122,0;17,79;91,92;82,21;851,6;88,65;9,61;16;198
FENW88PSP;B;X;4,44;172,3;172619,38;172791,68;37632,0;28236,0;1224,0;4,33;97,98;95,67;3715,76;142,61;26,06;4;198
FEZG07UJN;C;;4,37;4,8;2821,89;2826,7;624,0;1128,0;768,0;68,09;98,48;31,91;103,09;5,7;18,1;3;198
FEZS07UUZ;B;Z;1,95;46,75;98372,04;98418,79;46860,0;22390,0;890,0;3,97;97,47;96,03;2319,19;113,08;20,51;5;198
FFGT42CIV;C;Z;6,99;23,62;41959,76;41983,38;5880,0;8400,0;1545,0;18,39;99,49;81,61;346,29;42,42;8,16;1;198
FFIA76SPB;C;X;1,1;20,71;6770,0;6790,71;5400,0;8838,0;0,0;0,0;100,0;100,0;1774,3;44,64;39,75;0;198
FFNZ08VUQ;C;X;7,53;74,11;94570,85;94644,96;12320,0;10380,0;160,0;1,54;99,49;98,46;959,24;52,42;18,3;1;198
FFTI00IAF;C;Z;3,54;45,97;73042,34;73088,31;19800,0;20154,0;252,0;1,25;98,99;98,75;1297,79;101,79;12,75;2;198
FHOD96CFO;B;Z;1,6;10,32;0,0;10,32;0,0;2728,0;924,0;33,87;99,49;66,13;604,89;13,78;43,9;1;198
FILI14GUK;A;X;1,5;73,81;152507,73;152581,54;92640,0;77670,0;750,0;0,97;98,99;99,03;4935,45;392,27;12,58;2;198
FINQ79LCW;B;X;2,06;43,46;82819,86;82863,32;37440,0;37041,0;7416,0;20,02;93,94;79,98;2092,24;187,08;11,18;12;198
FJAF09OWD;B;Y;1,52;16,1;19849,5;19865,6;11880,0;13395,0;0,0;0,0;100,0;100,0;1043,54;67,65;15,43;0;198
FJAJ72CBS;C;Z;6,43;41,18;20851,2;20892,38;3168,0;2272,0;0,0;0,0;100,0;100,0;601,62;11,47;52,43;0;198
FJAM67ERH;A;X;4,28;283,38;561773,14;562056,52;126852,0;97473,0;3990,0;4,09;97,98;95,91;6576,91;492,29;13,36;4;198
FJOZ43CSH;B;X;3,49;53,34;71931,29;71984,63;19764,0;17255,0;0,0;0,0;100,0;100,0;1496,08;87,15;17,17;0;198
FJUA69DZU;C;X;3,57;11,45;12366,82;12378,27;3325,0;2677,5;60,0;2,24;98,99;97,76;308,96;13,52;22,85;2;198
FJVE86HCI;A;Y;0,18;171,49;736615,22;736786,71;2229120,0;1838633,0;5340,0;0,29;99,49;99,71;96852,12;9286,03;10,43;1;198
FKKM55CDJ;C;X;4,0;120,22;39882,67;40002,88;9600,0;8960,0;80,0;0,89;98,99;99,11;2811,92;45,25;62,14;2;198
FKSJ75PLK;C;;4,54;12,29;21376,73;21389,02;4560,0;1070,0;0,0;0,0;100,0;100,0;255,05;5,4;47,2;0;198
FKTJ89LEA;A;X;1,56;165,49;114997,71;115163,2;67200,0;83640,0;2880,0;3,44;98,48;96,56;10177,88;422,42;24,09;3;198
FLFD69QMH;A;X;2,11;161,62;368029,21;368190,83;163160,0;120721,0;0,0;0,0;100,0;100,0;7684,44;609,7;12,6;0;198
FMLD62KEI;C;Y;18,65;205,82;281424,83;281630,65;14970,0;9655,0;300,0;3,11;97,98;96,89;1064,49;48,76;21,83;4;198
FMPX53XWF;C;Z;6,02;58,03;68871,45;68929,48;11160,0;5334,0;0,0;0,0;100,0;100,0;915,27;26,94;33,98;0;198
FNEA23ISC;B;Y;1,37;20,14;56024,83;56044,97;36800,0;35690,0;7620,0;21,35;95,45;78,65;1494,34;180,25;8,29;9;198
FNPP45YQP;C;Z;1,75;31,43;36182,13;36213,56;19008,0;18176,0;0,0;0,0;100,0;100,0;1743,67;91,8;18,99;0;198
FNVU51FNV;C;Y;3,54;35,97;49358,91;49394,89;13380,0;14400,0;822,0;5,71;97,47;94,29;1005,42;72,73;13,82;5;198
FOBR22MSN;C;Z;3,0;4,23;4586,4;4590,63;1456,0;455,0;0,0;0,0;100,0;100,0;132,23;2,3;57,54;0;198
FOBV94GVR;A;X;0,52;240,06;1191619,31;1191859,37;1771326,0;1149345,0;0,0;0,0;100,0;100,0;48133,55;5804,77;8,29;0;198
FOGA28EEH;C;X;2,65;21,89;44409,24;44431,13;15834,0;11242,0;56,0;0,5;99,49;99,5;816,42;56,78;14,38;1;198
FOHG70IFB;C;Y;3,56;27,07;6685,71;6712,78;1800,0;2700,0;120,0;4,44;97,98;95,56;713,03;13,64;52,29;4;198
FOII60HZR;C;Y;4,09;5,76;678,44;684,2;160,0;152,0;0,0;0,0;100,0;100,0;130,51;0,77;170,0;0;198
FOIO82HHP;B;Y;6,86;156,03;532432,81;532588,85;75996,0;61699,0;20174,0;32,7;95,45;67,3;2307,42;311,61;7,4;9;198
FONF77ACB;C;Y;3,26;32,99;27977,0;28009,99;8208,0;7536,0;24,0;0,32;99,49;99,68;971,09;38,06;25,51;1;198
FPAT69PGK;C;Z;4,44;21,54;6605,33;6626,87;1440,0;3670,0;1780,0;48,5;90,4;51,5;456,97;18,54;24,65;19;198
FPRL32UKT;A;Z;2,56;35,61;55190,65;55226,26;20374,4;20489,0;5653,5091;27,59;90,4;72,41;1357,61;103,48;13,12;19;198
FQDL25EZN;C;Y;5,07;1,06;0,0;1,06;0,0;204,0;0,0;0,0;100,0;100,0;20,36;1,03;19,76;0;198
FQFJ16SHW;A;X;0,59;52,22;118475,09;118527,32;161150,0;161475,0;10300,0;6,38;96,97;93,62;8989,14;815,53;11,02;6;198
FQOF49BSR;C;Y;4,67;39,42;29984,49;30023,9;6216,0;9652,0;3232,0;33,49;91,92;66,51;809,78;48,75;16,61;16;198
FQPR58URQ;A;X;0,24;233,69;914066,42;914300,1;2325540,0;1836930,0;0,0;0,0;100,0;100,0;97895,76;9277,42;10,55;0;198
FRAM30OZP;B;X;5,54;63,45;143976,4;144039,85;25296,0;20283,0;390,0;1,92;98,48;98,08;1155,88;102,44;11,28;3;198
FRYD32BWK;B;Z;0,71;23,43;63736,06;63759,48;73920,0;94570,0;27090,0;28,65;89,39;71,35;3372,37;477,63;7,06;21;198
FSCF22PDZ;B;X;1,26;49,51;107767,41;107816,93;76512,0;61296,0;144,0;0,23;99,49;99,77;3935,27;309,58;12,71;1;198
FSNK66QLG;B;X;3,76;104,7;211975,95;212080,65;54210,0;45175,0;6665,0;14,75;93,94;85,25;2760,96;228,16;12,1;12;198
FSVM04JSS;B;X;3,7;98,27;155082,67;155180,94;40320,0;30810,0;0,0;0,0;100,0;100,0;2606,06;155,61;16,75;0;198
FSYJ54YAN;C;X;3,09;3,09;3961,27;3964,36;1224,0;846,0;0,0;0,0;100,0;100,0;96,67;4,27;22,62;0;198
FTHK04EQC;C;Z;3,02;8,96;14848,36;14857,32;4680,0;7866,0;4716,0;59,95;89,9;40,05;289,03;39,73;7,28;20;198
FTQE01RPT;A;X;0,53;129,37;204814,5;204943,88;300352,0;229686,0;0,0;0,0;100,0;100,0;23578,19;1160,03;20,33;0;198
FTQI85QCD;C;Y;3,67;5,39;710,36;715,75;186,0;78,0;0,0;0,0;100,0;100,0;135,88;0,39;344,92;0;198
FTQW61QYL;C;X;3,75;19,06;46650,87;46669,93;11956,0;9998,0;72,0;0,72;99,49;99,28;518,26;50,49;10,26;1;198
FTVN35LTE;C;Z;17,12;82,04;0,0;82,04;0,0;3204,0;588,0;18,35;94,95;81,65;454,97;16,18;28,12;10;198
FTZN25UZH;A;Y;1,17;238,32;243729,69;243968,01;184224,0;140880,0;0,0;0,0;100,0;100,0;19438,06;711,52;27,32;0;198
FUDI74XNQ;C;Z;1,74;0,03;0,0;0,03;0,0;24,0;0,0;0,0;100,0;100,0;1,52;0,12;12,5;0;198
FUFK88WUQ;B;Y;4,16;80,7;96799,42;96880,12;22464,0;20244,0;612,0;3,02;98,48;96,98;1887,64;102,24;18,46;3;198
FUGF47XKY;C;Z;2,18;3,27;18763,89;18767,15;8064,0;13520,0;7976,0;58,99;94,95;41,01;166,34;68,28;2,44;10;198
FUQQ36LIP;C;X;4,86;20,65;25771,48;25792,13;5148,0;4680,0;72,0;1,54;98,99;98,46;415,15;23,64;17,56;2;198
FUXY88GDB;A;X;1,05;188,93;407447,15;407636,08;338688,0;189280,0;0,0;0,0;100,0;100,0;17492,93;955,96;18,3;0;198
FVBD37HQB;C;X;1,94;16,39;16165,6;16181,99;7744,0;6578,0;0,0;0,0;100,0;100,0;812,83;33,22;24,47;0;198
FVCJ30RVH;B;X;1,79;56,87;104367,88;104424,75;53760,0;45123,0;0,0;0,0;100,0;100,0;3153,84;227,89;13,84;0;198
FVUO62HTP;C;Z;1,46;1,37;0,0;1,37;0,0;2676,0;2424,0;90,58;95,96;9,42;88,24;13,52;6,53;8;198
FWRK19CWC;C;Z;5,53;1,16;0,0;1,16;0,0;234,0;0,0;0,0;100,0;100,0;20,48;1,18;17,33;0;198
FWYL31SUW;B;Z;2,02;47,38;84424,19;84471,57;38874,0;53377,0;9058,0;16,97;92,93;83,03;2383,91;269,58;8,84;14;198
FXCI18WCK;C;Y;4,01;7,84;2195,05;2202,89;528,0;1456,0;368,0;25,27;97,47;74,73;185,78;7,35;25,26;5;198
FXXV11MGP;C;Z;4,72;72,69;12613,48;12686,17;2592,0;6072,0;0,0;0,0;100,0;100,0;1451,33;30,67;47,33;0;198
FYBK70SNY;B;Y;0,64;48,08;51975,0;52023,08;66150,0;53062,5;0,0;0,0;100,0;100,0;7239,27;267,99;27,01;0;198
FYFO43CVN;B;Y;2,18;32,94;61344,27;61377,21;26300,0;26557,0;3190,0;12,01;96,97;87,99;1509,19;134,13;11,25;6;198
FYRX53VAC;C;X;3,87;29,08;12687,17;12716,25;3159,0;3230,5;78,0;2,41;99,49;97,59;709,16;16,32;43,46;1;198
FYTC24CMB;C;Z;4,22;35,39;12580,73;12616,12;2880,0;8816,0;4792,0;54,36;84,34;45,64;793,62;44,53;17,82;31;198
FYYZ87QGO;C;Z;1,13;24,34;4704,91;4729,25;3670,0;5395,0;23,0;0,43;99,49;99,57;2008,65;27,25;73,72;1;198
FZDI18YRS;C;X;0,48;9,26;6308,69;6317,95;10080,0;10815,0;1050,0;9,71;97,47;90,29;1842,98;54,62;33,74;5;198
FZFM65NZY;B;X;2,46;33,33;78781,97;78815,3;30240,0;31326,0;5508,0;17,58;93,43;82,42;1381,7;158,21;8,73;13;198
FZFP28ORB;A;Y;0,47;112,96;110947,81;111060,77;178200,0;157650,0;0,0;0,0;100,0;100,0;22826,77;796,21;28,67;0;198
FZFT11JIE;B;X;3,78;60,92;83008,0;83068,92;21120,0;18480,0;200,0;1,08;99,49;98,92;1577,73;93,33;16,9;1;198
FZQA53CSD;B;X;0,95;16,68;37836,89;37853,57;34536,0;33132,0;636,0;1,92;98,99;98,08;1789,7;167,33;10,7;2;198
FZRY85XVB;C;Z;1,41;13,35;7494,47;7507,82;4800,0;6324,0;120,0;1,9;99,49;98,1;903,03;31,94;28,27;1;198
GABV28SGD;C;Y;9,21;82,77;7807,24;7890,01;833,86;552,5;0,0;0,0;100,0;100,0;830,89;2,79;297,77;0;198
GAPR24AZR;C;X;5,1;31,55;15882,62;15914,17;3024,0;3810,0;84,0;2,2;99,49;97,8;588,79;19,24;30,6;1;198
GAYA56QOJ;B;X;14,17;263,31;646056,4;646319,7;45115,0;36575,0;0,0;0,0;100,0;100,0;1897,42;184,72;10,27;0;198
GBUJ30ALH;A;Z;1,54;52,16;322468,34;322520,5;190944,0;438192,0;234336,0;53,48;70,71;46,52;4153,94;2213,09;1,88;58;198
GBZA17RMO;C;Y;1,23;9,06;27476,52;27485,58;19968,0;12088,0;288,0;2,38;99,49;97,62;741,09;61,05;12,14;1;198
GCRL34DDH;B;X;5,14;103,35;174687,25;174790,59;33024,0;31242,0;1284,0;4,11;97,98;95,89;2004,67;157,79;12,7;4;198
GDAE31BUB;C;Z;3,2;14,15;1932,12;1946,28;576,0;717,0;0,0;0,0;100,0;100,0;410,73;3,62;113,42;0;198
GDRE49GXM;A;X;1,88;77,69;226506,23;226583,92;111384,0;100709,0;12984,0;12,89;94,44;87,11;4244,67;508,63;8,35;11;198
GEIL72FVU;C;Y;3,25;2,74;2287,23;2289,97;672,0;600,0;24,0;4,0;98,99;96,0;80,48;3,03;26,56;2;198
GFCT11LNU;A;X;1,38;83,56;100503,22;100586,78;65605,0;56001,5;0,0;0,0;100,0;100,0;5856,21;282,84;20,71;0;198
GFWW34KWZ;C;Z;11,8;50,49;31608,52;31659,01;2646,0;1680,0;0,0;0,0;100,0;100,0;403,03;8,48;47,5;0;198
GGJA06NJO;A;Z;4,82;349,9;267224,28;267574,17;53760,0;48225,0;60,0;0,12;99,49;99,88;6933,33;243,56;28,47;1;198
GGMR12HFZ;C;;5,59;7,83;4821,22;4829,05;840,0;1204,0;0,0;0,0;100,0;100,0;135,19;6,08;22,23;0;198
GGSN89NEX;C;Z;2,28;33,28;36462,4;36495,68;14976,0;16692,0;3800,0;22,77;93,94;77,23;1407,88;84,3;16,7;12;198
GGTF06DQX;A;X;0,34;76,56;504678,18;504754,74;1024400,0;706400,0;19600,0;2,77;97,47;97,23;24061,41;3567,68;6,74;5;198
GGWG82ODD;A;Y;1,61;57,84;175900,97;175958,81;99792,0;142031,0;74294,0;52,31;83,33;47,69;3648,0;717,33;5,09;33;198
GHAD79ZCZ;C;Y;2,79;5,88;7027,1;7032,98;2390,0;2300,0;370,0;16,09;96,46;83,91;203,89;11,62;17,55;7;198
GHUL20KUB;B;X;2,98;47,52;67087,28;67134,79;21450,0;21115,0;1560,0;7,39;97,47;92,61;1569,65;106,64;14,72;5;198
GJWK81AYE;C;Y;3,07;4,41;2434,27;2438,68;756,0;595,0;294,0;49,41;97,47;50,59;134,03;3,01;44,6;5;198
GJXM03XNW;C;Y;2,79;34,02;31307,35;31341,38;10648,0;7298,5;1408,0;19,29;97,98;80,71;1153,61;36,86;31,3;4;198
GKQG13XVE;B;X;0,5;26,79;37543,08;37569,87;58080,0;48427,5;0,0;0,0;100,0;100,0;5219,44;244,58;21,34;0;198
GLEB26ZIF;B;Z;2,08;28,75;65998,42;66027,17;29568,0;74647,0;41562,0;55,68;73,23;44,32;1439,64;377,01;3,82;53;198
GLRA46ELA;C;Y;11,36;9,36;21131,83;21141,19;1836,0;2190,0;336,0;15,34;91,92;84,66;85,27;11,06;7,71;16;198
GMBJ97XQQ;A;X;2,74;525,42;925334,66;925860,08;320544,0;296559,0;7938,0;2,68;98,99;97,32;19153,36;1497,77;12,79;2;198
GMJG11AQC;C;Z;30,55;113,22;51082,49;51195,71;1664,0;2744,0;320,0;11,66;98,99;88,34;353,86;13,86;25,53;2;198
GMKV80KLC;C;Z;10,14;7,58;3334,89;3342,47;324,0;234,0;0,0;0,0;100,0;100,0;70,06;1,18;59,28;0;198
GNHM00PCE;B;Y;1,42;36,08;49641,43;49677,51;31590,0;26245,5;0,0;0,0;100,0;100,0;2472,35;132,55;18,65;0;198
GNPV74IUC;C;Z;2,58;15,76;20920,08;20935,83;7668,0;6240,0;1128,0;18,08;97,47;81,92;589,09;31,52;18,69;5;198
GOJD85HYI;C;Z;4,25;26,34;22351,79;22378,13;5082,0;7266,0;510,0;7,02;97,47;92,98;605,58;36,7;16,5;5;198
GOLT05OEY;B;X;4,22;87,26;159355,94;159443,21;36480,0;32528,0;5304,0;16,31;88,89;83,69;2044,2;164,28;12,44;22;198
GPKK85RER;C;Z;3,89;71,81;5661,06;5732,87;1400,0;3695,0;0,0;0,0;100,0;100,0;1718,48;18,66;92,09;0;198
GQWT95LLK;B;X;5,47;47,89;112407,07;112454,96;19992,0;16893,0;16,0;0,09;99,49;99,91;891,78;85,32;10,45;1;198
GREQ59HTG;A;X;0,45;16,59;43282,66;43299,25;72225,0;79731,5;200,0;0,25;98,99;99,75;3805,18;402,68;9,45;2;198
GROT79YWF;B;Z;2,91;77,95;123476,32;123554,28;40320,0;39816,0;12,0;0,03;99,49;99,97;2668,12;201,09;13,27;1;198
GRUM26KMW;C;X;2,79;44,47;47984,22;48028,7;16320,0;13419,0;0,0;0,0;100,0;100,0;1536,94;67,77;22,68;0;198
GRUW68GNK;B;Z;1,5;79,15;0,0;79,15;0,0;12225,0;300,0;2,45;99,49;97,55;4937,88;61,74;79,98;1;198
GSLX00NDE;C;Y;5,18;18,06;6819,56;6837,61;1280,0;1470,0;0,0;0,0;100,0;100,0;328,84;7,42;44,29;0;198
GSPG11FMG;C;X;3,72;15,58;10614,43;10630,01;2740,0;1620,0;60,0;3,7;98,48;96,3;393,43;8,18;48,09;3;198
GSWH65QOX;C;X;2,98;54,6;16213,54;16268,14;5184,0;9201,0;42,0;0,46;98,99;99,54;1736,42;46,47;37,37;2;198
GTMS54WYS;C;Y;3,49;36,78;29480,03;29516,81;8100,0;10068,0;0,0;0,0;100,0;100,0;1022,24;50,85;20,1;0;198
GTVF20BNT;C;Z;5,85;14,74;9425,06;9439,8;1572,0;1878,0;510,0;27,16;96,97;72,84;239,3;9,48;25,23;6;198
GULI61IDJ;B;Y;3,59;54,82;90880,25;90935,08;24300,0;23976,0;0,0;0,0;100,0;100,0;1528,73;121,09;12,62;0;198
GUSZ71BXE;B;Z;2,3;15,96;66521,78;66537,74;27144,0;68408,0;39728,0;58,08;61,62;41,92;784,2;345,49;2,27;76;198
GUYI09INC;C;Z;2,96;52,84;29813,33;29866,17;9600,0;6030,0;770,0;12,77;99,49;87,23;1674,34;30,45;54,98;1;198
GVFL45RLZ;C;Y;2,87;11,32;2174,3;2185,62;720,0;1960,0;280,0;14,29;98,99;85,71;372,02;9,9;37,58;2;198
GVMB23LHG;C;Y;3,39;103,65;12632,8;12736,46;3564,0;2172,0;0,0;0,0;100,0;100,0;2825,39;10,97;257,56;0;198
GVSE28KAF;C;Z;6,56;1379,29;0,0;1379,29;0,0;89041,5;0,0;0,0;100,0;100,0;19823,45;449,7;44,08;0;198
GWFP82SET;C;Z;9,18;1560,65;0,0;1560,65;0,0;38395,0;687,1092;1,79;98,99;98,21;15853,61;193,91;81,76;2;198
GXGR12NOL;B;Y;2,71;22,7;28861,41;28884,11;10080,0;9156,0;144,0;1,57;98,99;98,43;816,67;46,24;17,66;2;198
GXLZ95BIB;C;Z;3,25;1,94;3586,46;3588,4;1056,0;1536,0;616,0;40,1;89,9;59,9;59,64;7,76;7,69;20;198
GXUY27OKX;A;Z;1,52;142,42;241966,05;242108,48;145152,0;126240,0;4320,0;3,42;96,97;96,58;9269,33;637,58;14,54;6;198
GYVJ53YTT;A;X;0,44;71,85;59444,44;59516,3;100000,0;77075,0;0,0;0,0;100,0;100,0;15290,91;389,27;39,28;0;198
HAGM08JED;C;Y;4,1;53,6;84204,25;84257,85;19800,0;20274,0;6,0;0,03;99,49;99,97;1306,64;102,39;12,76;1;198
HBMN83BWO;B;X;3,42;190,36;221489,53;221679,89;62080,0;51351,0;360,0;0,7;98,48;99,3;5391,16;259,35;20,79;3;198
HBRR20NFA;B;X;2,79;80,66;140941,21;141021,88;47992,0;38395,0;0,0;0,0;100,0;100,0;2861,87;193,91;14,76;0;198
HBRU63IHL;B;X;2,25;50,03;108908,24;108958,26;45414,0;34857,5;0,0;0,0;100,0;100,0;2227,09;176,05;12,65;0;198
HCAY34CLI;C;Y;3,57;3,82;4287,09;4290,9;1152,0;1156,0;184,0;15,92;96,46;84,08;103,47;5,84;17,72;7;198
HCCJ85WIT;C;Z;1,71;13,87;1355,78;1369,65;728,0;1456,0;0,0;0,0;100,0;100,0;753,95;7,35;102,53;0;198
HCXC23JBK;C;X;2,25;2,01;2214,35;2216,36;924,0;708,0;12,0;1,69;99,49;98,31;85,94;3,58;24,03;1;198
HDIJ21OEK;C;Z;2,05;17,43;46900,13;46917,56;21304,0;12104,0;16,0;0,13;99,49;99,87;844,28;61,13;13,81;1;198
HEAC11CHX;C;X;4,82;26,23;7150,47;7176,7;1440,0;2112,0;0,0;0,0;100,0;100,0;512,77;10,67;48,07;0;198
HEBX11TNP;C;Y;6,98;40,34;0,0;40,34;0,0;1608,0;0,0;0,0;100,0;100,0;540,91;8,12;66,6;0;198
HEDE46UIT;C;Z;4,16;37,3;43407,52;43444,82;10072,0;10846,0;1944,0;17,92;93,43;82,08;871,49;54,78;15,91;13;198
HFSA48UZA;B;Y;2,13;16,7;39376,18;39392,88;17288,0;37548,0;21716,0;57,84;74,24;42,16;803,27;189,64;4,24;51;198
HGHK36SLL;C;Y;5,07;13,53;7019,7;7033,23;1344,0;1353,0;72,0;5,32;98,48;94,68;252,24;6,83;36,91;3;198
HGZW01FRJ;B;Z;2,4;16,9;94628,54;94645,45;37088,0;87540,0;55764,0;63,7;60,1;36,3;809,29;442,12;1,83;79;198
HHBY01SXC;A;Y;0,78;125,28;316292,18;316417,46;338580,0;424950,0;3780,0;0,89;98,99;99,11;16852,12;2146,21;7,85;2;198
HHQH93YHL;C;X;2,79;36,28;32107,09;32143,37;10920,0;9560,0;70,0;0,73;99,49;99,27;1246,46;48,28;25,82;1;198
HHSY05IZY;B;Y;1,19;17,42;12382,9;12400,32;9240,0;10736,0;0,0;0,0;100,0;100,0;1403,25;54,22;25,88;0;198
HIIL72RNZ;C;Y;2,06;1,39;0,0;1,39;0,0;384,0;0,0;0,0;100,0;100,0;64,0;1,94;33,0;0;198
HISJ17RBJ;B;Y;1,35;23,32;23694,5;23717,82;15840,0;19515,0;3120,0;15,99;95,96;84,01;1679,85;98,56;17,04;8;198
HJJD34BIQ;C;Z;4,48;22,19;23129,31;23151,5;5000,0;8128,0;3992,0;49,11;95,96;50,89;477,86;41,05;11,64;8;198
HJRP94FDS;C;Z;1,6;61,99;40724,73;40786,72;23328,0;21420,0;216,0;1,01;99,49;98,99;3687,45;108,18;34,09;1;198
HKRQ19UIS;C;X;2,01;9,06;22368,57;22377,64;10368,0;8892,0;120,0;1,35;98,48;98,65;460,48;44,91;10,25;3;198
HKTX36JNH;B;Y;1,71;82,54;99045,13;99127,67;53280,0;48474,0;0,0;0,0;100,0;100,0;4696,48;244,82;19,18;0;198
HKUV42OZV;A;X;0,62;42,04;82638,23;82680,27;106992,0;108432,0;11376,0;10,49;93,94;89,51;6716,0;547,64;12,26;12;198
HLAH20ISI;B;X;4,85;66,25;156730,5;156796,75;31320,0;23876,0;0,0;0,0;100,0;100,0;1378,55;120,59;11,43;0;198
HLDZ44QZN;C;Z;4,85;18,24;9968,3;9986,54;1992,0;1672,0;648,0;38,76;95,96;61,24;351,6;8,44;41,64;8;198
HLUD48LVM;C;Y;3,45;29,56;51459,38;51488,94;14310,0;11292,5;0,0;0,0;100,0;100,0;847,8;57,03;14,87;0;198
HLYY07FTD;A;X;0,98;105,7;251097,53;251203,23;222432,0;171058,0;6438,0;3,76;98,48;96,24;10784,1;863,93;12,48;3;198
HMKR20JJT;B;X;1,47;44,96;98192,14;98237,09;60544,0;46831,0;0,0;0,0;100,0;100,0;3052,04;236,52;12,9;0;198
HMQV92SHD;C;X;7,19;45,16;73957,47;74002,62;10080,0;11576,0;416,0;3,59;97,98;96,41;635,47;58,46;10,87;4;198
HNBP43ZMJ;B;Y;3,59;9,44;0,0;9,44;0,0;5298,0;24,0;0,45;99,49;99,55;269,09;26,76;10,06;1;198
HNMO99LMZ;C;Z;6,78;50,05;26615,12;26665,18;3840,0;12088,0;6624,0;54,8;84,85;45,2;707,92;61,05;11,6;30;198
HODW59JKZ;C;Z;2,4;16,44;29036,77;29053,22;11368,0;11543,0;2450,0;21,22;98,99;78,78;676,24;58,3;11,6;2;198
HOUN33UQR;C;Z;3,7;13,94;12185,07;12199,0;3168,0;8968,0;7240,0;80,73;87,88;19,27;356,24;45,29;7,87;24;198
HPDG47ERF;C;X;2,65;10,55;13576,1;13586,64;4848,0;3940,0;0,0;0,0;100,0;100,0;386,75;19,9;19,44;0;198
HPJZ75ZKX;C;Z;4,31;17,38;15166,06;15183,44;3400,0;6310,0;2450,0;38,83;95,96;61,17;391,06;31,87;12,27;8;198
HQCP63KVF;C;Z;7,78;0,67;3329,67;3330,34;420,0;608,0;278,0;45,72;99,49;54,28;9,6;3,07;3,12;1;198
HQEV03LEY;B;Y;2,2;20,45;17754,88;17775,33;7560,0;8330,0;399,0;4,79;97,98;95,21;897,2;42,07;21,33;4;198
HQMJ53GFK;A;Z;0,56;49,36;226988,79;227038,15;321360,0;254760,0;19860,0;7,8;95,96;92,2;9363,64;1286,67;7,28;8;198
HRMD73WFT;C;Y;6,24;1,2;0,0;1,2;0,0;336,0;216,0;64,29;91,92;35,71;18,36;1,7;10,82;16;198
HROP48UPV;C;Z;9,08;10,93;16547,18;16558,11;1792,0;1836,0;344,0;18,74;95,45;81,26;118,48;9,27;12,78;9;198
HRVO22SVX;B;Z;4,41;179,58;153549,0;153728,58;33660,0;17028,0;855,0;5,02;96,97;94,98;3833,55;86,0;44,58;6;198
HSET43YAZ;C;Y;4,72;8,86;19087,18;19096,04;3920,0;2828,0;20,0;0,71;98,99;99,29;187,21;14,28;13,11;2;198
HSFI70LCX;C;Z;0,74;4,84;3848,0;3852,84;4320,0;6480,0;1980,0;30,56;96,46;69,44;624,55;32,73;19,08;7;198
HSOG84USO;C;X;3,67;27,32;38359,22;38386,54;10044,0;7782,0;0,0;0,0;100,0;100,0;725,68;39,3;18,46;0;198
HTOA76TVA;C;Y;1,71;22,84;31543,15;31565,99;17000,0;18420,0;0,0;0,0;100,0;100,0;1327,17;93,03;14,27;0;198
HTOY37YRT;C;X;1,04;1,69;1029,85;1031,54;864,0;798,0;0,0;0,0;100,0;100,0;153,7;4,03;38,14;0;198
HTRF26XLO;B;Y;5,55;28,2;35425,1;35453,31;6216,95;31024,5;26738,3024;86,18;66,16;13,82;490,21;156,69;3,13;67;198
HUDS58NYR;C;Y;2,85;26,85;40392,0;40418,85;13464,0;13617,0;0,0;0,0;100,0;100,0;937,09;68,77;13,63;0;198
HUEC81NSQ;C;Z;2,95;0,05;0,0;0,05;0,0;8,0;0,0;0,0;100,0;100,0;1,49;0,04;37,0;0;198
HURR77KQR;C;Y;2,99;33,19;61429,42;61462,61;19586,0;15022,0;0,0;0,0;100,0;100,0;1100,2;75,87;14,5;0;198
HVBK11FDL;C;Z;1,39;10,91;3988,8;3999,71;2592,0;3432,0;48,0;1,4;99,49;98,6;741,09;17,33;42,76;1;198
HVFK79WMU;C;Z;1,14;0,86;4179,49;4180,35;3240,0;14106,0;9423,0;66,8;83,33;33,2;93,17;71,24;1,31;33;198
HVLG50BVG;C;Y;4,01;18,17;21152,34;21170,51;5088,0;4420,0;0,0;0,0;100,0;100,0;440,36;22,32;19,73;0;198
HVRL62TUS;C;X;6,42;40,34;56745,86;56786,2;8640,0;8940,0;384,0;4,3;98,48;95,7;622,51;45,15;13,79;3;198
HVZD21LSP;B;X;8,9;121,1;255349,87;255470,97;28224,0;21609,0;371,0;1,72;98,99;98,28;1361,78;109,14;12,48;2;198
HXEC39WBV;A;X;0,3;189,23;434229,55;434418,77;958500,0;813384,0;0,0;0,0;100,0;100,0;61664,91;4108,0;15,01;0;198
HXFM18BTQ;C;X;1,25;8,52;11841,97;11850,49;8448,0;8118,0;0,0;0,0;100,0;100,0;668,12;41,0;16,3;0;198
HXGG96DOT;B;Y;2,75;12,53;29771,69;29784,22;10260,0;28855,0;19600,0;67,93;77,78;32,07;466,46;145,73;3,2;44;198
HXLO55PYA;C;Y;3,31;4,45;622,1;626,55;180,0;156,0;0,0;0,0;100,0;100,0;124,85;0,79;158,46;0;198
HXQS07UZO;A;X;4,76;410,02;647937,76;648347,78;132094,65;158769,0;13581,4791;8,55;94,44;91,45;8680,98;801,86;10,83;11;198
HYLX99XNX;B;X;4,1;249,55;120613,36;120862,92;28410,0;24600,0;0,0;0,0;100,0;100,0;5740,68;124,24;46,21;0;198
HYRL60UZX;B;Z;4,13;27,17;39527,05;39554,22;9240,0;8712,0;2544,0;29,2;94,95;70,8;637,82;44,0;14,5;10;198
HYTA90QBX;C;X;2,05;14,26;19813,24;19827,5;9000,0;7350,0;1260,0;17,14;95,45;82,86;671,46;37,12;18,09;9;198
HYYE50BCF;C;Y;2,83;11,72;11263,6;11275,32;3780,0;3224,0;196,0;6,08;97,47;93,92;397,11;16,28;24,39;5;198
HYYT98EPJ;C;Y;5,47;42,44;64170,36;64212,79;11424,0;11220,0;0,0;0,0;100,0;100,0;772,09;56,67;13,63;0;198
HZBL04PBW;C;Y;3,55;28,84;57989,45;58018,29;15660,0;12705,0;925,0;7,28;96,97;92,72;807,63;64,17;12,59;6;198
HZED98HYB;B;Y;5,07;265,29;272143,24;272408,53;52182,53;42385,270000000004;3040,0;7,17;97,47;92,83;5026,16;214,07;23,48;5;198
HZQO09WWV;C;Z;12,78;78,7;59592,1;59670,8;4608,0;2368,0;32,0;1,35;99,49;98,65;579,31;11,96;48,44;1;198
IAAB15LKG;A;X;1,05;456,79;1416190,68;1416647,47;1177200,0;1049355,0;0,0;0,0;100,0;100,0;45283,18;5299,77;8,54;0;198
IAME04NHZ;C;Z;1,57;1,06;3128,52;3129,59;1816,0;6150,5;4726,5;76,85;59,09;23,15;69,39;31,06;2,23;81;198
IAVE29ZKQ;C;Y;2,2;29,89;17247,6;17277,49;7344,0;7092,0;1062,0;14,97;95,96;85,03;1283,73;35,82;35,84;8;198
IAYK72OCS;C;Z;9,18;14,91;15389,34;15404,24;1650,0;1496,0;11,0;0,74;99,49;99,26;157,22;7,56;20,81;1;198
IAZX92GXT;A;X;3,02;179,49;395892,91;396072,4;124780,0;96670,0;0,0;0,0;100,0;100,0;5961,46;488,23;12,21;0;198
ICIQ56AHA;B;X;1,79;37,5;71228,58;71266,09;36638,0;28945,0;350,0;1,21;98,99;98,79;2071,15;146,19;14,17;2;198
ICQZ39GIQ;A;X;1,08;105,83;201313,47;201419,3;163200,0;154350,0;7300,0;4,73;97,98;95,27;9745,45;779,55;12,5;4;198
IDDF10IJZ;C;;4,92;0,0;0,0;0,0;0,0;1,0;1,0;100,0;99,49;0,0;0,0;0,01;0,0;1;198
IDGU54RVY;B;Y;1,38;62,52;57650,13;57712,66;37632,0;31518,0;0,0;0,0;100,0;100,0;4329,21;159,18;27,2;0;198
IDIW64NXE;A;X;0,39;31,92;153323,97;153355,9;283896,0;274140,0;22248,0;8,12;95,45;91,88;8814,91;1384,55;6,37;9;198
IDLE63NLZ;B;Z;1,51;54,6;37872,29;37926,89;22848,0;19542,0;0,0;0,0;100,0;100,0;3436,85;98,7;34,82;0;198
IDNJ93PNO;C;Z;7,71;5,9;5284,09;5290,0;672,0;556,0;44,0;7,91;98,48;92,09;73,13;2,81;26,04;3;198
IDUM15XHR;B;Y;1,32;56,15;88744,73;88800,88;60528,0;66352,0;2364,0;3,56;97,98;96,44;4255,36;335,11;12,7;4;198
IEXW92LIG;C;Z;4,85;13,01;6305,25;6318,26;1260,0;760,0;0,0;0,0;100,0;100,0;250,81;3,84;65,34;0;198
IEZW96UJQ;C;Y;10,83;38,2;48321,54;48359,74;4400,0;4030,0;180,0;4,47;98,48;95,53;344,49;20,35;16,93;3;198
IFAF73ACY;C;Z;2,75;3,39;2456,13;2459,51;848,0;1128,0;488,0;43,26;91,41;56,74;116,89;5,7;20,52;17;198
IFMM15HOG;B;X;4,85;68,36;97440,0;97508,36;19488,0;18394,0;0,0;0,0;100,0;100,0;1392,08;92,9;14,98;0;198
IFUM81APG;B;X;3,95;523,31;291224,56;291747,88;71100,0;65400,0;0,0;0,0;100,0;100,0;12554,04;330,3;38,01;0;198
IGCV54DRQ;C;;35,45;62,02;12934,9;12996,92;363,3;745,0;535,0;71,81;98,99;28,19;162,31;3,76;43,14;2;198
IGDB16PMV;A;X;3,57;279,67;310991,44;311271,12;83496,0;66940,0;1106,0;1,65;98,99;98,35;7543,81;338,08;22,31;2;198
IGDR16QDJ;A;X;0,65;57,17;129231,97;129289,13;160654,0;142389,0;572,0;0,4;99,49;99,6;8767,91;719,14;12,19;1;198
IGNZ10AFU;B;Y;3,87;70,18;102814,65;102884,83;25600,0;25880,0;1104,0;4,27;96,97;95,73;1798,22;130,71;13,76;6;198
IHER07ULN;A;X;0,97;97,56;356203,29;356300,84;318060,0;304737,5;48649,0;15,96;92,93;84,04;10564,09;1539,08;6,86;14;198
IHWW65EJN;C;Z;1,55;8,55;1958,36;1966,9;1152,0;16825,0;12350,0;73,4;86,87;26,6;530,81;84,97;6,25;26;198
IIOQ29FXC;B;Y;1,71;88,72;116995,4;117084,12;63054,0;93215,0;26862,0;28,82;92,93;71,18;5129,76;470,78;10,9;14;198
IIVY41ZQT;C;Y;0,33;0,34;0,0;0,34;0,0;1470,0;0,0;0,0;100,0;100,0;101,36;7,42;13,65;0;198
IIWK53ARM;C;Z;1,46;0,0;0,0;0,0;0,0;576,0;576,0;100,0;98,99;0,0;0,0;2,91;0,0;2;198
IJDE32TFF;C;Z;18,04;118,77;109998,57;110117,34;6048,0;2376,0;56,0;2,36;99,49;97,64;618,63;12,0;51,55;1;198
IJHW44CLJ;C;Z;4,26;3,25;423,11;426,36;96,0;40,0;0,0;0,0;100,0;100,0;70,67;0,2;349,8;0;198
IJJV67YIT;C;X;3,62;19,82;11817,53;11837,34;3138,0;3252,0;456,0;14,02;96,97;85,98;519,24;16,42;31,61;6;198
IJVO28CYP;A;X;0,74;102,89;189450,0;189552,89;213000,0;169025,0;0,0;0,0;100,0;100,0;13679,42;853,66;16,02;0;198
IKCX64IZL;C;Z;2,83;17,02;15018,13;15035,15;5040,0;6429,0;774,0;12,04;96,97;87,96;583,03;32,47;17,96;6;198
IKWF51IYN;C;Y;2,58;23,23;9641,08;9664,32;3528,0;5442,5;0,0;0,0;100,0;100,0;856,55;27,49;31,16;0;198
ILCV57TKU;C;X;3,42;22,89;18623,96;18646,85;5220,0;4860,0;0,0;0,0;100,0;100,0;641,82;24,55;26,15;0;198
ILSB97ANL;C;Z;2,3;20,92;13410,23;13431,15;5472,0;4914,0;0,0;0,0;100,0;100,0;862,97;24,82;34,77;0;198
IMAA79NMX;A;Y;1,22;327,88;100953,39;101281,27;73440,0;86857,0;0,0;0,0;100,0;100,0;25116,12;438,67;57,25;0;198
IMKD58PCC;C;Z;5,03;39,97;20507,96;20547,93;3960,0;6904,0;3800,0;55,04;95,96;44,96;748,32;34,87;21,46;8;198
IMWD26LTG;B;X;1,07;14,24;33112,8;33127,04;27216,0;22146,0;240,0;1,08;99,49;98,92;1341,45;111,85;11,99;1;198
INFH77ZPC;B;Y;3,47;63,0;81213,6;81276,6;22464,0;22520,0;240,0;1,07;98,48;98,93;1788,36;113,74;15,72;3;198
INOC35AVI;C;Z;5,67;24,49;38821,18;38845,67;6666,0;5433,0;62,0;1,14;98,99;98,86;424,95;27,44;15,49;2;198
INXF14GAZ;C;Y;4,72;10,81;0,0;10,81;0,0;928,0;0,0;0,0;100,0;100,0;216,0;4,69;46,09;0;198
IOJD33BIL;C;X;2,44;26,1;12442,45;12468,55;4800,0;5170,0;0,0;0,0;100,0;100,0;1011,06;26,11;38,72;0;198
IOJN59NCJ;C;Y;2,96;31,03;15931,5;15962,53;5130,0;6390,0;0,0;0,0;100,0;100,0;999,9;32,27;30,98;0;198
IONK85EBI;C;Z;2,68;40,16;65352,31;65392,47;23100,0;29700,0;6930,0;23,33;91,92;76,67;1496,62;150,0;9,98;16;198
IOUT43PTU;B;X;3,19;47,45;84269,55;84317,0;25200,0;17514,0;0,0;0,0;100,0;100,0;1457,76;88,45;16,48;0;198
IPRI75HMR;B;Y;2,22;103,36;140667,8;140771,16;59472,0;67754,0;0,0;0,0;100,0;100,0;4642,61;342,19;13,57;0;198
IPSC35CXR;B;X;2,08;44,06;56425,6;56469,66;25344,0;20223,0;0,0;0,0;100,0;100,0;2058,02;102,14;20,15;0;198
IPSX84OJB;C;Z;6,38;6,14;43853,96;43860,09;6720,0;2266,0;260,0;11,47;97,47;88,53;98,85;11,44;8,64;5;198
IPYX96FNK;C;X;4,3;6,67;4983,18;4989,85;1120,0;1048,0;0,0;0,0;100,0;100,0;148,2;5,29;28,0;0;198
IQAL30OWP;C;Z;2,93;21,69;21315,39;21337,08;6912,0;11072,0;4592,0;41,47;87,37;58,53;714,18;55,92;12,77;25;198
IQYF35ALA;C;Z;3,96;2,57;20378,76;20381,33;4960,0;1992,0;272,0;13,65;97,47;86,35;68,44;10,06;6,8;5;198
IRBD66LMK;C;Y;1,98;1,37;2180,56;2181,93;1024,0;2344,0;1280,0;54,61;86,36;45,39;69,25;11,84;5,85;27;198
IRGW30AKZ;C;Y;3,68;5,65;1714,74;1720,4;448,0;792,0;300,0;37,88;95,45;62,12;144,16;4,0;36,04;9;198
IRPP40BNN;C;X;4,99;23,95;11848,66;11872,61;2304,0;2644,0;0,0;0,0;100,0;100,0;455,6;13,35;34,12;0;198
IRUU49IDE;C;Z;1,58;0,0;0,0;0,0;0,0;540,0;540,0;100,0;94,44;0,0;0,0;2,73;0,0;11;198
IRVF75ULJ;C;Y;0,64;9,59;10417,75;10427,33;13248,0;11868,0;288,0;2,43;98,99;97,57;1447,27;59,94;24,15;2;198
ISHM74IDS;B;Y;2,14;10,66;29532,0;29542,66;12880,0;32208,0;19588,0;60,82;71,21;39,18;522,06;162,67;3,21;57;198
ISOD32CNV;A;X;0,41;84,62;340553,38;340638,0;611520,0;490770,0;0,0;0,0;100,0;100,0;21646,67;2478,64;8,73;0;198
ITZQ44YBI;B;Y;1,73;75,1;78135,75;78210,85;41580,0;46313,0;0,0;0,0;100,0;100,0;4236,82;233,9;18,11;0;198
IUQL98ATE;C;Z;5,8;18,68;10000,91;10019,58;1680,0;1899,0;678,0;35,7;94,95;64,3;302,85;9,59;31,58;10;198
IVSG78ZEI;C;Y;2,97;28,36;17980,6;18008,95;5760,0;5087,0;576,0;11,32;97,98;88,68;902,38;25,69;35,12;4;198
IVTF86CDA;C;;4,22;10,05;19919,49;19929,54;4560,0;800,0;0,0;0,0;100,0;100,0;223,64;4,04;55,35;0;198
IWNQ31NOY;C;Y;4,13;12,79;3850,04;3862,82;900,0;3126,0;432,0;13,82;95,45;86,18;299,09;15,79;18,94;9;198
IWOJ74IEC;C;Z;3,89;26,19;0,0;26,19;0,0;1728,0;0,0;0,0;100,0;100,0;628,79;8,73;72,05;0;198
IWUD97LHN;C;Z;4,1;7,16;3261,71;3268,86;768,0;480,0;0,0;0,0;100,0;100,0;163,39;2,42;67,4;0;198
IWUU46ORH;C;Y;2,06;4,34;2477,52;2481,86;1120,0;1500,0;0,0;0,0;100,0;100,0;201,67;7,58;26,62;0;198
IXZW52LCZ;C;Z;2,37;1,17;4355,2;4356,37;1728,0;5538,0;3888,0;70,21;94,44;29,79;54,0;27,97;1,93;11;198
IYTI61EBI;B;X;2,11;134,16;190555,94;190690,11;84480,0;59889,0;0,0;0,0;100,0;100,0;6175,25;302,47;20,42;0;198
IZBP30PWV;C;Z;4,92;41,43;25536,0;25577,43;5040,0;4365,0;0,0;0,0;100,0;100,0;798,64;22,05;36,23;0;198
IZMM31ETV;C;X;0,28;3,09;3071,49;3074,58;7200,0;5750,0;0,0;0,0;100,0;100,0;1060,35;29,04;36,51;0;198
IZNB93SPC;A;X;4,06;1856,86;753202,18;755059,05;178710,0;140535,0;0,0;0,0;100,0;100,0;42816,67;709,77;60,32;0;198
IZSC10REV;A;X;1,44;163,82;252694,8;252858,62;158725,0;128903,5;58,0;0,04;99,49;99,96;11121,97;651,03;17,08;1;198
IZVB26MLS;C;Z;10,45;14,54;12208,62;12223,16;1152,0;1176,0;312,0;26,53;93,94;73,47;132,67;5,94;22,34;12;198
JABK79WLP;B;Y;0,58;9,05;0,0;9,05;0,0;8180,0;20,0;0,24;99,49;99,76;1484,14;41,31;35,92;1;198
JBVG41CPM;B;Y;1,47;27,27;0,0;27,27;0,0;1440,0;0,0;0,0;100,0;100,0;1723,03;7,27;236,92;0;198
JCMH27ZFH;C;Z;2,76;13,39;18849,45;18862,84;6480,0;9870,0;5650,0;57,24;89,9;42,76;468,74;49,85;9,4;20;198
JDAT51WDA;C;X;2,93;68,19;32141,79;32209,99;10435,41;9590,0;0,0;0,0;100,0;100,0;2193,63;48,43;45,29;0;198
JDNR75HKN;C;Z;2,2;2,73;422,74;425,47;180,0;36,0;0,0;0,0;100,0;100,0;114,79;0,18;631,33;0;198
JDPI18ZQV;C;X;2,02;8,87;10941,73;10950,6;5040,0;3636,5;0,0;0,0;100,0;100,0;422,9;18,37;23,03;0;198
JDPV09HTZ;B;Z;2,27;24,36;35357,82;35382,18;14640,0;31700,0;19040,0;60,06;87,88;39,94;1055,15;160,1;6,59;24;198
JDWZ35NPM;C;Z;2,25;32,12;29007,66;29039,78;12096,0;25472,0;15304,0;60,08;88,38;39,92;1368,08;128,65;10,63;23;198
JEHM56LSJ;C;Y;3,35;21,06;9073,93;9095,0;2592,0;3192,0;600,0;18,8;95,45;81,2;592,48;16,12;36,75;9;198
JFDA82FJE;A;X;0,44;9,06;42142,68;42151,74;70994,0;99246,0;32242,0;32,49;80,3;67,51;2221,55;501,24;4,43;39;198
JFJO18MQH;C;Z;4,22;62,79;72936,64;72999,43;16704,0;7584,0;0,0;0,0;100,0;100,0;1410,82;38,3;36,83;0;198
JFKC67LQE;C;;7,09;7,64;6945,7;6953,34;960,0;340,0;0,0;0,0;100,0;100,0;101,13;1,72;58,89;0;198
JGFP90GRB;B;Y;1,8;81,75;92858,88;92940,63;47514,0;53161,0;0,0;0,0;100,0;100,0;4444,33;268,49;16,55;0;198
JGVB34FGM;C;Z;12,24;157,11;135971,73;136128,84;10976,0;9044,0;0,0;0,0;100,0;100,0;1228,93;45,68;26,9;0;198
JHCM63OPB;A;X;0,58;106,98;145880,72;145987,7;200760,0;191220,0;1360,0;0,71;98,48;99,29;18058,99;965,76;18,7;3;198
JHVM63RGA;C;Z;6,44;94,66;34409,6;34504,26;5219,88;4067,0;0,0;0,0;100,0;100,0;1374,97;20,54;66,94;0;198
JIJI49GES;C;;8,86;16,8;41509,58;41526,38;4608,0;3632,0;1404,0;38,66;97,98;61,34;186,02;18,34;10,14;4;198
JIUT73XUD;C;Z;13,34;86,28;37882,0;37968,28;2808,0;1812,0;0,0;0,0;100,0;100,0;605,27;9,15;66,14;0;198
JIWO41RQV;C;Z;1,13;5,09;0,0;5,09;0,0;2875,0;50,0;1,74;99,49;98,26;430,18;14,52;29,63;1;198
JIWT95KYU;B;X;1,99;40,45;45251,56;45292,01;21120,0;17940,0;0,0;0,0;100,0;100,0;1961,82;90,61;21,65;0;198
JJCS63IKB;C;X;3,19;22,9;33642,0;33664,9;10080,0;8268,0;132,0;1,6;98,99;98,4;703,33;41,76;16,84;2;198
JJON89KAQ;B;X;2,12;42,48;52313,87;52356,35;23040,0;18792,0;0,0;0,0;100,0;100,0;1941,27;94,91;20,45;0;198
JJRQ32VHZ;A;X;1,69;636,93;528253,49;528890,42;286560,0;356090,0;20693,4598;5,81;97,47;94,19;36361,58;1798,43;20,22;5;198
JKHG14ENE;B;Z;2,47;39,87;70839,47;70879,35;27000,0;43411,5;16686,0;38,44;89,39;61,56;1620,64;219,25;7,39;21;198
JKPW72ZWO;C;X;1,59;14,2;11648,03;11662,23;6706,0;5418,0;0,0;0,0;100,0;100,0;852,37;27,36;31,15;0;198
JLDB00FDM;B;X;0,74;25,78;69326,87;69352,64;78000,0;71100,0;5300,0;7,45;93,43;92,55;3548,48;359,09;9,88;13;198
JLJR47EVC;C;Y;0,72;5,84;3286,42;3292,26;3780,0;2135,0;0,0;0,0;100,0;100,0;758,9;10,78;70,38;0;198
JLPP06OYF;C;;1,05;21,29;23749,28;23770,57;19872,0;6804,0;0,0;0,0;100,0;100,0;1912,3;34,36;55,65;0;198
JLWL67UWA;C;X;2,85;2,89;6048,0;6050,89;2016,0;2184,0;216,0;9,89;95,96;90,11;103,52;11,03;9,38;8;198
JMGP54LAK;C;Z;30,07;7,26;5590,27;5597,53;185,0;175,0;50,0;28,57;99,49;71,43;22,88;0,88;25,89;1;198
JMYA00NAU;C;Y;1,91;18,18;22125,48;22143,66;10752,0;9708,0;0,0;0,0;100,0;100,0;927,52;49,03;18,92;0;198
JNBP94JIQ;A;Y;3,67;346,01;402153,09;402499,1;105300,0;101503,0;810,0;0,8;99,49;99,2;9200,67;512,64;17,95;1;198
JOIL82ZHV;C;Z;3,39;33,37;29093,73;29127,1;8208,0;9448,0;1316,0;13,93;94,95;86,07;947,23;47,72;19,85;10;198
JPAO23QSY;C;Y;3,48;24,53;17410,91;17435,44;4800,0;5385,0;0,0;0,0;100,0;100,0;677,5;27,2;24,91;0;198
JPDD96AYM;C;Z;3,7;85,06;0,0;85,06;0,0;2180,0;0,0;0,0;100,0;100,0;2128,38;11,01;193,31;0;198
JPHL26ELP;A;X;0,55;82,08;261645,7;261727,78;374880,0;304130,0;600,0;0,2;99,49;99,8;15339,9;1536,01;9,99;1;198
JPYL14EWN;A;X;0,26;547,99;404631,07;405179,06;997920,0;1015770,0;0,0;0,0;100,0;100,0;202837,37;5130,15;39,54;0;198
JRAL21USQ;C;Z;5,47;17,22;4857,93;4875,15;864,0;1276,0;0,0;0,0;100,0;100,0;296,46;6,44;46,0;0;198
JRAV08VOG;B;X;2,03;90,55;96000,5;96091,05;43956,0;42871,5;8001,0;18,66;94,95;81,34;4279,36;216,52;19,76;10;198
JRPY91SOX;B;Y;2,25;17,65;44748,92;44766,58;18660,0;16584,0;1656,0;9,99;96,46;90,01;799,21;83,76;9,54;7;198
JSKI11QXN;C;Z;4,21;89,71;144572,04;144661,75;33152,0;36988,0;11044,0;29,86;89,9;70,14;2094,71;186,81;11,21;20;198
JSLL11NIQ;C;X;1,72;21,41;35534,02;35555,43;19008,0;15900,0;0,0;0,0;100,0;100,0;1227,88;80,3;15,29;0;198
JSMG06JUP;B;X;2,96;50,5;50682,67;50733,17;16320,0;13719,0;0,0;0,0;100,0;100,0;1644,21;69,29;23,73;0;198
JSYW97UOL;B;X;2,09;42,88;38991,82;39034,7;17400,0;16401,5;1740,0;10,61;96,46;89,39;1964,24;82,84;23,71;7;198
JSZC59BLN;C;Y;6,89;31,63;0,0;31,63;0,0;293,05;0,0;0,0;100,0;100,0;424,7;1,48;286,95;0;198
JTEC14SVF;A;Y;1,06;38,27;87937,22;87975,49;72896,0;63200,0;5056,0;8,0;94,44;92,0;3633,13;319,19;11,38;11;198
JTPG37CTQ;C;Y;1,45;4,35;3076,91;3081,25;1920,0;1940,0;320,0;16,49;95,96;83,51;284,04;9,8;28,99;8;198
JTSC86GSN;C;Y;8,27;2,31;11315,09;11317,4;1344,0;402,0;0,0;0,0;100,0;100,0;27,76;2,03;13,67;0;198
JTSW18RQS;B;Z;2,08;76,1;82714,8;82790,9;37152,0;36049,5;0,0;0,0;100,0;100,0;3560,05;182,07;19,55;0;198
JULB23LYV;C;Z;5,18;56,46;67130,0;67186,46;12600,0;12426,0;0,0;0,0;100,0;100,0;1067,88;62,76;17,02;0;198
JUMZ90SON;C;Z;12,73;11,55;17747,71;17759,26;1378,0;1924,0;642,0;33,37;97,47;66,63;90,13;9,72;9,28;5;198
JURP55TNB;C;Z;6,66;42,99;15252,74;15295,73;2240,0;1450,0;0,0;0,0;100,0;100,0;602,32;7,32;82,25;0;198
JVGI69CNI;B;Z;1,04;10,34;9152,0;9162,34;7680,0;24240,0;14880,0;61,39;77,78;38,61;962,59;122,42;7,86;44;198
JWPF06IPT;B;X;3,64;56,65;70992,53;71049,18;18720,0;19504,0;0,0;0,0;100,0;100,0;1532,16;98,51;15,55;0;198
JWSO29LLY;B;X;1,45;30,87;70767,93;70798,81;44250,0;45712,5;2625,0;5,74;97,47;94,26;2181,06;230,87;9,45;5;198
JXEG45WFB;C;Z;4,82;22,3;19683,93;19706,23;3960,0;4440,0;450,0;10,14;94,95;89,86;446,46;22,42;19,91;10;198
JXNE29BFV;C;;6,79;23,18;15985,89;16009,08;2304,0;960,0;0,0;0,0;100,0;100,0;319,64;4,85;65,92;0;198
JXPT74III;C;Z;3,39;43,18;20416,65;20459,83;5760,0;4944,0;0,0;0,0;100,0;100,0;1197,45;24,97;47,96;0;198
JXUE21KTO;C;Z;2,2;30,24;22094,96;22125,21;9408,0;10796,0;3072,0;28,45;95,45;71,55;1306,91;54,53;23,97;9;198
JYIF49VCY;C;Y;2,71;12,68;8777,14;8789,83;3072,0;4720,0;0,0;0,0;100,0;100,0;455,72;23,84;19,12;0;198
JYOR52AAI;C;Y;5,26;1,74;1729,8;1731,55;320,0;228,0;30,0;13,16;98,99;86,84;31,55;1,15;27,39;2;198
JZCG80FPW;C;Z;3,89;1,68;109,06;110,74;27,0;28,0;0,0;0,0;100,0;100,0;39,88;0,14;282,0;0;198
JZMP55IIC;C;Z;3,35;9,63;4032,86;4042,49;1152,0;672,0;0,0;0,0;100,0;100,0;268,36;3,39;79,07;0;198
JZQH67YJC;C;Y;4,1;1,3;891,55;892,84;210,0;220,0;15,0;6,82;98,99;93,18;30,23;1,11;27,21;2;198
KAIF05ZMR;B;Z;3,84;31,56;44806,25;44837,81;11232,0;11088,0;1392,0;12,55;96,46;87,45;806,63;56,0;14,4;7;198
KAQR73NVJ;B;X;3,7;24,53;61686,9;61711,43;16038,0;18432,0;4194,0;22,75;92,42;77,25;683,61;93,09;7,34;15;198
KATM71XZV;C;Z;34,01;26,39;40988,16;41014,55;1200,0;2810,0;1250,0;44,48;89,39;55,52;79,39;14,19;5,59;21;198
KBRN46RUD;C;;3,02;6,73;9137,45;9144,18;2880,0;1510,0;0,0;0,0;100,0;100,0;212,83;7,63;27,91;0;198
KBRS15KBZ;C;Z;3,78;267,82;57635,67;57903,5;14664,0;10188,0;0,0;0,0;100,0;100,0;6581,33;51,45;127,91;0;198
KCYK85YYX;C;Z;1,6;28,72;12022,79;12051,51;6885,0;19800,0;19125,0;96,59;91,92;3,41;1661,82;100,0;16,62;16;198
KDNB35ESH;B;X;1,89;28,95;100071,27;100100,22;48960,0;49352,0;5640,0;11,43;94,44;88,57;1629,66;249,25;6,54;11;198
KDXN99RWW;C;Z;4,92;32,09;21903,65;21935,74;4320,0;3368,0;0,0;0,0;100,0;100,0;618,06;17,01;36,33;0;198
KEAV69GXC;C;Z;6,2;10,57;20269,2;20279,77;3192,0;3780,0;412,0;10,9;96,46;89,1;174,14;19,09;9,12;7;198
KEDH40XKI;C;Z;3,79;42,47;37197,16;37239,62;9450,0;9509,5;0,0;0,0;100,0;100,0;1081,82;48,03;22,52;0;198
KEGV36DAK;C;Y;4,81;59,82;21448,0;21507,82;4320,0;3196,0;0,0;0,0;100,0;100,0;1161,25;16,14;71,94;0;198
KEOG38LJB;C;Z;5,63;36,46;45751,94;45788,41;7920,0;5124,0;0,0;0,0;100,0;100,0;623,15;25,88;24,08;0;198
KFJA08WMR;B;X;1,42;23,84;38581,71;38605,55;24552,0;20166,0;0,0;0,0;100,0;100,0;1647,7;101,85;16,18;0;198
KGGU92NCK;C;X;1,49;5,48;7063,52;7069,0;4320,0;3790,0;140,0;3,69;99,49;96,31;358,38;19,14;18,72;1;198
KGQJ86RGE;C;Z;3,95;117,09;32189,37;32306,46;7860,0;7500,0;300,0;4,0;99,49;96,0;2771,82;37,88;73,18;1;198
KHKF05WCB;C;Z;3,75;4,64;0,0;4,64;0,0;1600,0;810,0;50,62;90,4;49,38;117,93;8,08;14,59;19;198
KICT74BDE;C;Z;5,14;61,6;7400,0;7461,6;1400,0;1772,0;0,0;0,0;100,0;100,0;1114,55;8,95;124,54;0;198
KIKI22HLV;A;X;0,3;84,23;298655,7;298739,93;659240,0;737280,0;78120,0;10,6;94,44;89,4;28950,51;3723,64;7,77;11;198
KISK75HHE;B;X;2,85;62,41;73728,0;73790,41;24576,0;22257,0;0,0;0,0;100,0;100,0;2130,71;112,41;18,95;0;198
KIWI81VUX;C;Z;2,27;2,22;434,73;436,95;180,0;168,0;12,0;7,14;99,49;92,86;91,21;0,85;107,5;1;198
KIZY80SQZ;C;Y;3,35;3,96;0,0;3,96;0,0;205,0;0,0;0,0;100,0;100,0;109,9;1,04;106,15;0;198
KJHN86DUW;A;X;1,15;1382,14;1381706,35;1383088,49;1064448,0;834300,0;0,0;0,0;100,0;100,0;115179,27;4213,64;27,33;0;198
KJLZ47INV;C;Y;4,7;21,77;20964,52;20986,3;4320,0;7975,0;2270,0;28,46;92,93;71,54;455,56;40,28;11,31;14;198
KJVB98UOX;B;Y;4,74;28,22;39097,81;39126,03;8000,0;13250,0;3620,0;27,32;91,41;72,68;597,68;66,92;8,93;17;198
KJVN79FCJ;B;Y;2,77;73,22;119871,0;119944,22;41040,0;43290,0;618,0;1,43;98,48;98,57;2651,03;218,64;12,13;3;198
KJXR06JYP;B;Z;2,98;36,71;0,0;36,71;0,0;3594,0;0,0;0,0;100,0;100,0;1154,55;18,15;63,61;0;198
KKPK50SLM;C;Y;2,77;15,11;5599,53;5614,65;1920,0;2070,0;0,0;0,0;100,0;100,0;513,99;10,45;49,16;0;198
KKPW21SAB;B;Y;1,56;86,13;113450,69;113536,82;66430,0;80454,0;0,0;0,0;100,0;100,0;5502,27;406,33;13,54;0;198
KKVQ74PZB;A;Y;1,43;59,72;88635,93;88695,64;56040,0;116116,5;58148,0;50,08;81,31;49,92;4137,39;586,45;7,06;37;198
KKVY55EYF;B;X;2,46;39,95;77423,27;77463,22;29640,0;25495,0;720,0;2,82;98,48;97,18;1620,61;128,76;12,59;3;198
KLLB71ZBA;C;Y;2,12;23,99;45393,01;45417,0;19968,0;19064,0;1788,0;9,38;95,45;90,62;1128,79;96,28;11,72;9;198
KLNM69UBY;C;Y;3,75;7,29;0,0;7,29;0,0;120,0;0,0;0,0;100,0;100,0;179,76;0,61;296,6;0;198
KLOI07XSR;C;Y;5,13;26,29;3042,4;3068,69;576,0;480,0;8,0;1,67;99,49;98,33;474,55;2,42;195,75;1;198
KLPY86FFO;C;X;4,54;17,4;21658,0;21675,4;4620,0;3836,0;350,0;9,12;99,49;90,88;371,07;19,37;19,15;1;198
KMNU34MNI;C;Y;3,05;26,93;29378,14;29405,07;9168,0;7716,0;888,0;11,51;99,49;88,49;847,21;38,97;21,74;1;198
KNTL69HWN;C;Z;4,47;4,56;4878,88;4883,44;1056,0;5680,0;4488,0;79,01;78,28;20,99;100,0;28,69;3,49;43;198
KNVU41HAK;C;X;2,1;5,49;3938,05;3943,54;1752,0;1296,0;0,0;0,0;100,0;100,0;247,73;6,55;37,85;0;198
KOAG82LNN;B;Y;3,41;20,92;33249,03;33269,95;9342,0;10800,0;558,0;5,17;98,48;94,83;617,45;54,55;11,32;3;198
KOBC79USM;C;Z;1,38;17,82;6961,16;6978,97;4544,0;7420,0;0,0;0,0;100,0;100,0;1225,76;37,47;32,71;0;198
KOPU25RNN;B;X;14,69;207,77;536063,29;536271,07;36120,0;28590,0;0,0;0,0;100,0;100,0;1447,94;144,39;10,03;0;198
KPCQ58KZG;B;Z;2,23;35,88;45721,79;45757,67;19200,0;75950,0;47050,0;61,95;85,35;38,05;1628,18;383,59;4,24;29;198
KPLW81ZAQ;C;Z;1,15;9,47;5464,79;5474,26;4210,0;2440,0;51,0;2,09;99,49;97,91;772,36;12,32;62,68;1;198
KQLF81MCL;C;Y;4,4;65,93;9291,0;9356,93;2040,0;1730,0;0,0;0,0;100,0;100,0;1388,43;8,74;158,91;0;198
KQMJ38JHG;C;Y;3,02;6,28;0,0;6,28;0,0;430,0;80,0;18,6;97,47;81,4;193,38;2,17;89,05;5;198
KQRX30NEV;B;Y;1,38;56,63;70922,73;70979,36;46368,0;78756,0;21576,0;27,4;91,41;72,6;4072,06;397,76;10,24;17;198
KRVL55ZWU;C;Y;2,48;11,83;12600,85;12612,68;4800,0;4686,0;1536,0;32,78;96,46;67,22;456,42;23,67;19,29;7;198
KSSV50UIL;A;Y;2,12;55,02;88933,58;88988,6;39168,0;122854,0;73880,0;60,14;84,34;39,86;2638,71;620,47;4,25;31;198
KTDU42EAN;C;Z;1,8;11,91;47466,95;47478,86;24360,0;35017,5;15771,0;45,04;80,3;54,96;707,64;176,86;4,0;39;198
KTYO99GML;C;Y;2,85;22,65;3168,0;3190,65;1056,0;1620,0;0,0;0,0;100,0;100,0;740,79;8,18;90,54;0;198
KUJY83GUW;A;X;1,14;879,94;717401,02;718280,96;556140,0;393052,5;0,0;0,0;100,0;100,0;73132,95;1985,11;36,84;0;198
KUVZ73GFW;B;Z;1,56;104,18;39389,23;39493,42;23064,0;16800,0;2448,0;14,57;97,47;85,43;6236,73;84,85;73,5;5;198
KVWR17USS;C;Y;5,07;53,5;28081,69;28135,19;5376,0;6304,0;0,0;0,0;100,0;100,0;1003,72;31,84;31,53;0;198
KWGR31INJ;C;Y;4,79;26,54;6636,23;6662,77;1344,0;1716,0;80,0;4,66;99,49;95,34;519,19;8,67;59,91;1;198
KWKD14XHF;B;X;0,93;26,36;56951,09;56977,45;52500,0;45750,0;0,0;0,0;100,0;100,0;2830,68;231,06;12,25;0;198
KWRK89YPZ;C;Y;3,0;30,9;9828,0;9858,9;3120,0;2810,0;0,0;0,0;100,0;100,0;963,54;14,19;67,89;0;198
KXAQ21HJS;A;X;1,06;5100,4;20662329,75;20667430,15;17069472,0;13278930,0;0,0;0,0;100,0;100,0;510365,33;67065,3;7,61;0;198
KXVU19DTS;C;Z;4,16;14,24;6826,6;6840,84;1584,0;1504,0;648,0;43,09;95,96;56,91;319,88;7,6;42,11;8;198
KXYH49BAN;C;Y;3,29;0,02;0,0;0,02;0,0;208,0;126,0;60,58;98,99;39,42;0,9;1,05;0,86;2;198
KXZG43TEQ;C;Y;2,02;16,47;7505,53;7522,0;3456,0;3687,0;0,0;0,0;100,0;100,0;769,3;18,62;41,31;0;198
KYMH30JHC;C;X;12,68;37,36;10319,35;10356,71;804,37;840,0;0,0;0,0;100,0;100,0;275,84;4,24;65,02;0;198
KYTD18KWX;C;X;2,89;15,07;12766,55;12781,62;4200,0;4227,0;60,0;1,42;99,49;98,58;501,7;21,35;23,5;1;198
KYYY81SZH;C;Z;2,09;2,04;1075,64;1077,68;480,0;600,0;216,0;36,0;99,49;64,0;91,88;3,03;30,32;1;198
KZPM90IOE;B;Y;2,53;65,17;97157,39;97222,56;36288,0;38656,0;36,0;0,09;99,49;99,91;2571,73;195,23;13,17;1;198
LACS71RRD;C;Z;7,35;17,34;10793,65;10810,99;1440,0;1580,0;190,0;12,03;99,49;87,97;224,6;7,98;28,15;1;198
LANG05GLL;B;X;1,51;16,87;28053,19;28070,06;16896,0;17454,0;0,0;0,0;100,0;100,0;1117,66;88,15;12,68;0;198
LAYU27DTV;C;Z;3,86;18,51;38922,88;38941,4;9716,0;11116,0;3500,0;31,49;93,94;68,51;481,02;56,14;8,57;12;198
LBJR12YKH;C;;7,46;6,8;19336,22;19343,03;2540,0;1620,0;0,0;0,0;100,0;100,0;92,22;8,18;11,27;0;198
LBKZ83QGL;A;X;2,11;83,21;214375,44;214458,65;95040,0;74067,0;5922,0;8,0;96,46;92,0;3986,64;374,08;10,66;7;198
LBWV61MFS;C;Y;3,62;39,59;17353,46;17393,05;4608,0;4756,0;0,0;0,0;100,0;100,0;1033,17;24,02;43,01;0;198
LBYQ14SRW;C;Z;4,22;29,45;9225,87;9255,32;2112,0;1760,0;0,0;0,0;100,0;100,0;652,4;8,89;73,4;0;198
LCFH27KZH;C;;4,58;52,01;0,0;52,01;0,0;14419,5;0,0;0,0;100,0;100,0;1118,53;72,83;15,36;0;198
LCHA32QRM;C;Z;4,1;20,32;21303,03;21323,35;5016,0;6752,0;2704,0;40,05;94,44;59,95;477,58;34,1;14,0;11;198
LCMP16UWA;C;Y;4,01;20,5;34189,63;34210,13;8224,0;6496,0;0,0;0,0;100,0;100,0;504,24;32,81;15,37;0;198
LCXZ81IJE;C;Z;6,72;44,75;0,0;44,75;0,0;16847,0;6113,0;36,29;88,38;63,71;668,18;85,09;7,85;23;198
LDGX23KZC;B;Z;3,42;61,31;96428,57;96489,88;27000,0;32334,0;6294,0;19,47;93,94;80,53;1783,09;163,3;10,92;12;198
LFCX69BXB;A;X;1,77;126,0;225546,51;225672,51;117720,0;116713,0;0,0;0,0;100,0;100,0;7166,03;589,46;12,16;0;198
LGNB38OKA;C;Y;12,76;50,75;24785,02;24835,77;1920,0;2217,0;90,0;4,06;97,98;95,94;377,33;11,2;33,7;4;198
LGSN00EDE;C;;1,53;0,69;302,01;302,69;180,0;18,0;0,0;0,0;100,0;100,0;41,48;0,09;456,33;0;198
LGVU73IOE;B;Y;2,4;53,57;24004,13;24057,7;9408,0;26209,0;5412,0;20,65;92,42;79,35;2160,97;132,37;16,33;15;198
LHGZ47ZKR;C;Y;2,91;4,3;0,0;4,3;0,0;1350,0;300,0;22,22;96,97;77,78;141,52;6,82;20,76;6;198
LHHR13DYH;C;Z;10,07;20,22;36696,77;36717,0;3590,0;5139,0;1230,0;23,93;91,41;76,07;204,81;25,95;7,89;17;198
LIDX01FCC;C;X;8,5;34,1;58151,83;58185,93;6720,0;5846,0;0,0;0,0;100,0;100,0;399,11;29,53;13,52;0;198
LIQG52OVU;C;Z;4,13;31,7;36799,77;36831,47;8596,0;7758,0;612,0;7,89;96,46;92,11;743,39;39,18;18,97;7;198
LJEU84KLZ;C;X;0,48;6,51;10246,78;10253,29;16200,0;12480,0;0,0;0,0;100,0;100,0;1306,87;63,03;20,73;0;198
LJFU65HRF;C;Z;7,57;29,38;16671,27;16700,65;2160,0;3510,0;760,0;21,65;96,46;78,35;371,67;17,73;20,97;7;198
LJFZ98YME;A;Z;0,17;27,08;143621,16;143648,24;445456,0;430408,0;80872,0;18,79;95,96;81,21;16241,78;2173,78;7,47;8;198
LKPL73AZM;C;Z;21,89;394,25;0,0;394,25;0,0;10644,0;528,0;4,96;96,97;95,04;1711,13;53,76;31,83;6;198
LKRI20AQZ;C;Z;4,07;19,97;9581,91;9601,89;2268,0;1224,0;0,0;0,0;100,0;100,0;458,0;6,18;74,09;0;198
LKTL69IWI;C;Z;0,85;25,66;0,0;25,66;0,0;29086,0;0,0;0,0;100,0;100,0;2916,77;146,9;19,86;0;198
LLHZ87KJG;B;Z;10,99;479,01;0,0;479,01;0,0;65267,0;8192,7268;12,55;92,93;87,45;4307,19;329,63;13,07;14;198
LLQI41IEB;C;Z;0,86;27,76;31756,91;31784,67;31500,0;35450,0;13650,0;38,5;94,44;61,5;3091,54;179,04;17,27;11;198
LLXD75ZBV;A;Y;4,06;245,68;426051,72;426297,4;101088,0;127776,0;4464,0;3,49;96,46;96,51;6193,94;645,33;9,6;7;198
LLZB92AAC;C;Z;14,93;26,79;11582,23;11609,02;768,0;592,0;0,0;0,0;100,0;100,0;168,36;2,99;56,31;0;198
LMAC50HHC;C;X;0,32;20,12;5911,28;5931,39;12600,0;4575,0;30,0;0,66;99,49;99,34;5832,8;23,11;252,44;1;198
LNUO09VWB;C;Z;8,21;219,11;173288,61;173507,71;20736,0;1004,0;900,0;89,64;98,99;10,36;2461,3;5,07;485,4;2;198
LNWJ49IMG;C;X;7,31;93,03;67645,02;67738,05;9072,0;9457,0;0,0;0,0;100,0;100,0;1221,32;47,76;25,57;0;198
LOKN52URQ;C;Y;0,91;1,94;1270,14;1272,08;1200,0;3112,5;1925,0;61,85;83,84;38,15;202,9;15,72;12,91;32;198
LOPW30UAS;C;Z;6,37;44,88;0,0;44,88;0,0;13050,0;1272,7581;9,75;94,95;90,25;708,98;65,91;10,76;10;198
LOZN87MWO;C;Z;3,75;33,77;13484,9;13518,67;3456,0;2412,0;0,0;0,0;100,0;100,0;841,82;12,18;69,1;0;198
LPIM15GYB;C;Z;1,11;24,94;49750,73;49775,67;39424,0;34000,0;272,0;0,8;98,99;99,2;2237,74;171,72;13,03;2;198
LQET50QZS;A;X;0,31;28,5;156841,32;156869,83;340704,0;512712,0;165600,0;32,3;84,85;67,7;10218,18;2589,45;3,95;30;198
LQPM02FMR;C;Z;9,92;48,68;27065,79;27114,47;2688,0;1136,0;0,0;0,0;100,0;100,0;458,1;5,74;79,85;0;198
LRIL19PZM;C;Z;2,06;80,94;0,0;80,94;0,0;7420,0;220,0;2,96;98,48;97,04;3654,14;37,47;97,51;3;198
LRWT35BUB;B;X;2,04;102,71;143064,29;143167,0;65184,0;56124,0;0,0;0,0;100,0;100,0;4913,27;283,45;17,33;0;198
LRXD46HHJ;C;Z;3,47;16,22;17179,8;17196,02;4752,0;2262,0;0,0;0,0;100,0;100,0;442,94;11,42;38,77;0;198
LSBZ21FSZ;C;Z;14,18;72,73;58627,33;58700,06;4092,0;1812,0;168,0;9,27;97,47;90,73;481,15;9,15;52,58;5;198
LSFB10SHE;B;X;0,65;17,4;49551,76;49569,16;61600,0;56397,0;3410,0;6,05;96,46;93,95;2718,11;284,83;9,54;7;198
LSMK82MQK;C;Z;2,89;26,71;4744,43;4771,15;1560,0;2065,0;0,0;0,0;100,0;100,0;862,07;10,43;82,66;0;198
LSPR09XAJ;B;X;3,38;253,23;194293,39;194546,62;55104,0;44340,0;144,0;0,32;99,49;99,68;7137,09;223,94;31,87;1;198
LSUN03GBQ;C;Z;22,72;14,98;6586,47;6601,45;288,0;234,0;84,0;35,9;98,99;64,1;61,52;1,18;52,05;2;198
LTYN44KDO;A;X;0,75;33,45;83278,8;83312,25;92532,0;72414,0;0,0;0,0;100,0;100,0;4476,12;365,73;12,24;0;198
LUHW74HQL;B;Y;0,57;10,31;19860,81;19871,12;27648,0;30852,0;5796,0;18,79;92,93;81,21;1798,36;155,82;11,54;14;198
LULZ04TCK;C;Z;2,38;12,47;29976,6;29989,07;11844,0;15480,0;3312,0;21,4;97,98;78,6;544,36;78,18;6,96;4;198
LVGX48XXV;C;Y;2,32;11,42;9236,08;9247,49;3744,0;5238,0;0,0;0,0;100,0;100,0;480,61;26,45;18,17;0;198
LVIE94LLN;C;X;5,14;120,71;14230,11;14350,82;2688,0;800,0;0,0;0,0;100,0;100,0;2166,99;4,04;536,33;0;198
LWBN71ASR;C;;2,18;2,18;0,0;2,18;0,0;1668,0;504,0;30,22;98,48;69,78;98,12;8,42;11,65;3;198
LXQH58ATM;C;X;1,51;5,46;16807,82;16813,28;10140,0;15190,0;6330,0;41,67;82,83;58,33;378,43;76,72;4,93;34;198
LYAF85GJO;B;Z;1,04;14,81;17553,24;17568,05;14784,0;14616,0;2548,0;17,43;95,45;82,57;1377,09;73,82;18,66;9;198
LYKH25DMM;A;X;1,19;304,39;221303,29;221607,69;165120,0;143520,0;0,0;0,0;100,0;100,0;24296,73;724,85;33,52;0;198
LYVK73MWN;C;Z;2,65;21,73;11828,68;11850,41;4224,0;2886,0;0,0;0,0;100,0;100,0;770,3;14,58;52,85;0;198
LZYP73ZDE;C;Z;2,17;4,58;6421,8;6426,38;2772,0;3432,0;1506,0;43,88;94,95;56,12;204,61;17,33;11,8;10;198
MAAY06FLG;A;Y;1,1;42,9;101037,18;101080,07;80640,0;70192,0;11200,0;15,96;94,95;84,04;3882,67;354,51;10,95;10;198
MAHC72OET;C;Z;5,96;12,35;0,0;12,35;0,0;603,0;0,0;0,0;100,0;100,0;194,0;3,05;63,7;0;198
MAYF53EST;A;X;0,56;143,22;413918,4;414061,62;586656,0;417442,0;0,0;0,0;100,0;100,0;25869,03;2108,29;12,27;0;198
MBAG73WMW;C;;2,18;19,6;28836,4;28856,01;12350,0;2220,0;0,0;0,0;100,0;100,0;838,13;11,21;74,75;0;198
MBRL60OFJ;C;Y;2,83;3,3;2574,54;2577,84;864,0;712,0;0,0;0,0;100,0;100,0;111,07;3,6;30,89;0;198
MBSN01KPS;B;X;0,95;24,35;37293,53;37317,88;33840,0;26803,0;0,0;0,0;100,0;100,0;2492,78;135,37;18,41;0;198
MBYU55EVN;C;Y;4,25;44,4;66501,19;66545,59;15120,0;14570,0;0,0;0,0;100,0;100,0;1036,82;73,59;14,09;0;198
MCZW64IRZ;B;Y;3,87;24,57;32386,61;32411,19;8064,0;9214,0;1512,0;16,41;92,93;83,59;624,73;46,54;13,42;14;198
MDRQ38RWY;C;X;4,22;88,09;40921,41;41009,5;9367,79;7308,0;0,0;0,0;100,0;100,0;1961,63;36,91;53,15;0;198
MEJO06MVQ;C;Y;16,19;27,15;0,0;27,15;0,0;272,0;0,0;0,0;100,0;100,0;155,94;1,37;113,51;0;198
MEVM68SLX;B;Y;2,39;50,38;26725,12;26775,51;10520,0;8820,0;0,0;0,0;100,0;100,0;1987,27;44,55;44,61;0;198
MFAZ29XEC;B;Z;2,11;41,76;133522,25;133564,01;59094,0;63337,5;873,0;1,38;99,49;98,62;2140,09;319,89;6,69;1;198
MFVK62VMT;A;X;3,68;1143,69;707331,43;708475,12;184800,0;156775,0;0,0;0,0;100,0;100,0;29456,57;791,79;37,2;0;198
MGKX79APY;B;X;6,81;95,08;150323,55;150418,63;21600,0;20141,0;1761,0;8,74;95,45;91,26;1379,8;101,72;13,56;9;198
MHBO06YHH;C;Z;6,51;72,87;52249,62;52322,49;7840,0;8880,0;340,0;3,83;99,49;96,17;1074,14;44,85;23,95;1;198
MHHF58KTG;A;X;1,35;90,64;153309,45;153400,09;101952,0;100576,5;0,0;0,0;100,0;100,0;6679,18;507,96;13,15;0;198
MHLH51IJO;B;X;1,06;63,36;40466,74;40530,1;33534,0;27128,5;0,0;0,0;100,0;100,0;5663,58;137,01;41,34;0;198
MHNU33NWE;B;Y;1,49;78,52;91825,79;91904,31;56160,0;65010,5;0,0;0,0;100,0;100,0;5201,41;328,34;15,84;0;198
MIMJ13URY;B;Y;1,37;36,69;65768,28;65804,97;43200,0;32230,0;860,0;2,67;98,48;97,33;2622,63;162,78;16,11;3;198
MIOW11PHB;C;Y;2,02;25,47;9034,43;9059,91;4160,0;3230,0;0,0;0,0;100,0;100,0;1177,58;16,31;72,19;0;198
MIOZ07QEK;C;Y;2,75;14,89;8356,97;8371,85;2880,0;2480,0;410,0;16,53;98,99;83,47;509,09;12,53;40,65;2;198
MISB47RTN;C;Z;0,14;1,25;4849,93;4851,17;16800,0;16400,0;3500,0;21,34;97,98;78,66;892,93;82,83;10,78;4;198
MJRT90BHR;B;X;1,4;30,12;32044,34;32074,47;20655,0;36019,0;12960,0;35,98;89,39;64,02;2097,78;181,91;11,53;21;198
MKDM97KXO;C;Y;3,75;21,33;15170,51;15191,84;3888,0;5251,0;46,0;0,88;98,99;99,12;550,24;26,52;20,75;2;198
MKEN94UKK;B;X;3,59;59,86;77012,6;77072,46;20592,0;20152,0;0,0;0,0;100,0;100,0;1638,71;101,78;16,1;0;198
MKXI01ECP;C;Y;2,51;27,91;41716,48;41744,39;15680,0;13670,0;0,0;0,0;100,0;100,0;1093,79;69,04;15,84;0;198
MKYB62KWD;C;Z;1,14;24,17;11385,23;11409,4;8826,0;5138,0;234,0;4,55;98,48;95,45;1978,83;25,95;76,26;3;198
MLDY90UPK;C;Y;0,32;4,81;0,0;4,81;0,0;4462,5;15,0;0,34;99,49;99,66;1401,14;22,54;62,17;1;198
MLEA68ODH;C;Z;15,17;47,87;66163,03;66210,91;4320,0;3693,0;126,0;3,41;98,48;96,59;308,97;18,65;16,57;3;198
MLGU82ZFZ;B;X;2,42;31,58;47828,57;47860,15;18600,0;14368,0;0,0;0,0;100,0;100,0;1274,61;72,57;17,56;0;198
MLSC37MTJ;A;Y;1,87;167,77;151784,86;151952,64;75060,0;91207,0;0,0;0,0;100,0;100,0;8720,42;460,64;18,93;0;198
MMPI12KCY;B;Y;2,06;23,19;52505,67;52528,86;23736,0;26850,0;432,0;1,61;97,98;98,39;1170,06;135,61;8,63;4;198
MNAV39YDU;C;;7,09;10,02;12154,98;12165,0;1680,0;518,0;0,0;0,0;100,0;100,0;133,0;2,62;50,84;0;198
MNCQ75VZR;B;Y;2,85;49,75;64152,0;64201,75;21384,0;25295,0;0,0;0,0;100,0;100,0;1736,73;127,75;13,59;0;198
MNFW77IYU;C;Z;3,95;240,06;59965,23;60205,29;14640,0;6957,0;0,0;0,0;100,0;100,0;5642,55;35,14;160,59;0;198
MNRH05XPC;B;Z;4,4;49,94;96325,81;96375,75;21150,0;36846,0;14142,0;38,38;84,85;61,62;1159,79;186,09;6,23;30;198
MOAI77YMM;B;Y;2,11;24,95;41288,73;41313,68;18240,0;17104,0;2910,0;17,01;95,96;82,99;1159,75;86,38;13,43;8;198
MOGA21LTV;A;Y;0,69;576,14;795197,11;795773,25;947052,0;710587,0;0,0;0,0;100,0;100,0;80589,06;3588,82;22,46;0;198
MOHW42CXR;B;X;2,44;80,6;132341,96;132422,56;51120,0;44765,0;2625,0;5,86;96,46;94,14;3259,09;226,09;14,42;7;198
MORI03WMN;C;Z;4,79;46,48;22752,79;22799,27;4608,0;4314,0;0,0;0,0;100,0;100,0;916,71;21,79;42,07;0;198
MOZC48RPA;B;X;2,85;33,56;68617,78;68651,33;22870,0;19460,0;600,0;3,08;99,49;96,92;1180,35;98,28;12,01;1;198
MPGM56CTS;C;Y;0,64;6,54;10443,37;10449,91;13248,0;9396,0;648,0;6,9;96,97;93,1;988,97;47,45;20,84;6;198
MPMW69CPO;B;X;2,48;23,08;20586,76;20609,84;7840,0;9415,0;1190,0;12,64;96,46;87,36;900,66;47,55;18,94;7;198
MPWQ73JLN;A;Y;1,49;113,99;164226,9;164340,88;100440,0;81394,5;0,0;0,0;100,0;100,0;7485,76;411,08;18,21;0;198
MPYY59YYQ;A;Z;0,64;21,92;18668,57;18690,49;23760,0;147354,0;103090,0;69,96;83,84;30,04;3401,62;744,21;4,57;32;198
MRBB37NUI;C;X;2,71;39,33;9738,57;9777,9;3400,0;4090,0;350,0;8,56;97,98;91,44;1354,49;20,66;65,57;4;198
MRKC36JHH;C;Y;5,47;20,93;0,0;20,93;0,0;422,9;0,0;0,0;100,0;100,0;354,59;2,14;166,02;0;198
MRMB80NKX;C;Z;5,1;63,26;70589,43;70652,69;13440,0;11470,0;0,0;0,0;100,0;100,0;1200,76;57,93;20,73;0;198
MRNN94QXK;C;Y;1,07;7,05;12014,12;12021,18;9856,0;8128,0;992,0;12,2;96,46;87,8;644,28;41,05;15,69;7;198
MSBK28GYZ;C;;3,38;3,18;7059,85;7063,03;1998,0;2016,0;18,0;0,89;99,49;99,11;96,82;10,18;9,51;1;198
MSHE22FDO;B;Z;1,51;58,07;53466,76;53524,84;32256,0;29170,0;1092,0;3,74;97,98;96,26;3692,24;147,32;25,06;4;198
MSLK88FHT;C;Y;3,33;25,95;32088,64;32114,6;9216,0;9659,0;306,0;3,17;98,48;96,83;765,24;48,78;15,69;3;198
MSQY69JRS;B;X;2,06;27,91;45570,0;45597,91;20580,0;17790,0;0,0;0,0;100,0;100,0;1336,11;89,85;14,87;0;198
MSWA43XOD;C;Y;0,76;0,45;2156,4;2156,85;2376,0;11748,0;9020,0;76,78;59,6;23,22;68,67;59,33;1,16;80;198
MTMV60ISB;B;X;6,84;85,01;141975,02;142060,03;20304,0;16674,0;0,0;0,0;100,0;100,0;1229,33;84,21;14,6;0;198
MTQU47IBB;C;X;2,12;33,38;44957,23;44990,62;19800,0;15371,0;161,0;1,05;99,49;98,95;1527,91;77,63;19,68;1;198
MUQB05WBT;A;X;1,05;30,67;125056,6;125087,27;104640,0;127380,0;11500,0;9,03;91,92;90,97;3290,4;643,33;5,11;16;198
MUZS01PYY;C;Y;0,83;6,49;4999,11;5005,6;5120,0;3600,0;80,0;2,22;99,49;97,78;741,82;18,18;40,8;1;198
MWHY10BHE;C;Y;2,28;2,03;1431,62;1433,65;588,0;420,0;0,0;0,0;100,0;100,0;84,0;2,12;39,6;0;198
MWKH94BHD;C;Y;4,89;36,15;33856,11;33892,27;6720,0;6785,0;200,0;2,95;98,48;97,05;715,0;34,27;20,87;3;198
MWTY70MDV;B;X;2,64;104,24;144350,54;144454,78;51744,0;45533,0;0,0;0,0;100,0;100,0;3869,66;229,96;16,83;0;198
MWVQ22ECM;C;Z;1,47;18,68;9257,22;9275,9;5700,0;20250,0;11830,0;58,42;89,39;41,58;1210,51;102,27;11,84;21;198
MWWM02DRD;A;Y;1,45;60,36;67499,61;67559,97;42120,0;37538,5;0,0;0,0;100,0;100,0;4019,82;189,59;21,2;0;198
MWYD62PDJ;C;Z;6,61;5,53;40886,26;40891,79;6048,0;2100,0;380,0;18,1;96,97;81,9;85,84;10,61;8,09;6;198
MXMM62OKY;C;Y;3,28;28,7;32080,2;32108,9;9360,0;6994,0;0,0;0,0;100,0;100,0;842,37;35,32;23,85;0;198
MXXW83CJH;B;X;11,17;351,66;473740,09;474091,75;41832,0;30936,0;0,0;0,0;100,0;100,0;3056,79;156,24;19,56;0;198
MYDL83HLP;C;Z;21,58;68,59;60831,51;60900,1;2800,0;2590,0;90,0;3,47;97,98;96,53;305,66;13,08;23,37;4;198
MYWA59SUE;C;X;1,62;15,05;25069,07;25084,12;14160,0;11077,5;885,0;7,99;94,95;92,01;907,44;55,95;16,22;10;198
MZIW94PEE;C;;3,05;0,63;690,72;691,34;216,0;33,0;0,0;0,0;100,0;100,0;19,19;0,17;115,12;0;198
NARO61RJA;C;Y;4,03;3,66;1673,73;1677,39;400,0;444,0;0,0;0,0;100,0;100,0;85,79;2,24;38,26;0;198
NBCZ41AGI;A;Z;0,59;221,19;466300,02;466521,21;626760,0;653172,0;34728,0;5,32;95,45;94,68;37447,03;3298,85;11,35;9;198
NBGM84TGC;A;Y;1,79;206,01;300873,04;301079,05;154980,0;158613,5;0,0;0,0;100,0;100,0;11400,82;801,08;14,23;0;198
NBUG63UKA;C;Y;10,06;37,86;0,0;37,86;0,0;7029,5;1271,5;18,09;94,95;81,91;375,8;35,5;10,59;10;198
NBUV33LMI;B;Z;1,44;14,94;38208,7;38223,63;24000,0;27942,0;4860,0;17,39;94,95;82,61;1071,21;141,12;7,59;10;198
NCJS06QHU;A;X;0,7;448,95;556461,82;556910,77;655200,0;616010,0;7840,0;1,27;98,99;98,73;62245,66;3111,16;20,01;2;198
NCLE79UWG;B;X;1,92;69,95;82135,86;82205,81;39600,0;30305,0;3100,0;10,23;96,97;89,77;3488,08;153,06;22,79;6;198
NDIF14AEF;C;X;3,23;33,0;38886,5;38919,5;11520,0;9954,0;54,0;0,54;99,49;99,46;993,0;50,27;19,75;1;198
NDPV02QDG;C;Z;2,05;3,71;6092,7;6096,42;2772,0;3630,0;1620,0;44,63;94,95;55,37;177,33;18,33;9,67;10;198
NEIE61DEC;B;Y;3,51;50,88;79144,23;79195,1;21600,0;22925,0;0,0;0,0;100,0;100,0;1450,21;115,78;12,53;0;198
NEJL20TBW;C;;7,2;7,47;31738,91;31746,38;4320,0;4608,0;2016,0;43,75;96,46;56,25;108,79;23,27;4,67;7;198
NENR72FLZ;B;X;3,38;44,13;73847,28;73891,41;20944,0;19950,0;756,0;3,79;97,98;96,21;1301,79;100,76;12,92;4;198
NEOY93OUG;C;X;2,87;12,37;14888,53;14900,91;4928,0;4196,0;88,0;2,1;99,49;97,9;417,98;21,19;19,72;1;198
NFFX69OGX;C;Z;4,16;9,67;9100,8;9110,47;2112,0;4065,0;0,0;0,0;100,0;100,0;234,82;20,53;11,44;0;198
NFMC41YMF;C;Y;2,44;7,52;3352,8;3360,32;1296,0;1360,0;0,0;0,0;100,0;100,0;291,39;6,87;42,42;0;198
NGCC10KWD;C;X;0,45;5,76;3586,57;3592,33;6000,0;5525,0;0,0;0,0;100,0;100,0;1214,14;27,9;43,51;0;198
NGCY45VZD;C;X;8,32;75,02;79274,0;79349,02;9360,0;7760,0;10,0;0,13;99,49;99,87;870,25;39,19;22,2;1;198
NGDG05BJP;B;Y;2,01;21,25;38048,5;38069,75;17640,0;15193,5;693,0;4,56;96,46;95,44;1049,36;76,73;13,68;7;198
NGOK11DRI;C;Z;8,08;9,83;15556,37;15566,2;1890,0;13695,0;11430,0;83,46;82,83;16,54;123,56;69,17;1,79;34;198
NHEN94OVX;B;X;1,46;43,17;65045,65;65088,82;40320,0;37378,0;4500,0;12,04;95,96;87,96;2885,35;188,78;15,28;8;198
NHHB37KVY;A;X;0,54;435,6;452432,84;452868,43;654660,0;546525,0;0,0;0,0;100,0;100,0;76960,91;2760,23;27,88;0;198
NHJZ65BMT;A;X;3,28;457,84;797563,24;798021,07;232704,0;176209,0;1752,0;0,99;98,99;99,01;13757,21;889,94;15,46;2;198
NHRU35IVR;B;Y;2,98;53,41;78065,19;78118,6;24960,0;26705,0;4330,0;16,21;96,46;83,79;1766,21;134,87;13,1;7;198
NHUG86SLH;C;Z;2,14;2,91;2496,0;2498,91;1092,0;864,0;54,0;6,25;98,48;93,75;129,64;4,36;29,71;3;198
NIDC70QAJ;C;Z;4,37;9,04;9551,02;9560,06;2112,0;6680,0;5096,0;76,29;81,82;23,71;198,59;33,74;5,89;36;198
NIHH69ZUD;C;Y;0,62;0,0;0,0;0,0;0,0;240,0;240,0;100,0;99,49;0,0;0,0;1,21;0,0;1;198
NIKK25LMM;B;X;7,24;119,09;124492,07;124611,16;16848,0;13770,0;0,0;0,0;100,0;100,0;1585,85;69,55;22,8;0;198
NITU51JKU;A;Y;0,88;27,26;51535,06;51562,32;49920,0;45376,0;576,0;1,27;98,48;98,73;3074,1;229,17;13,41;3;198
NJDY11OBT;C;Z;3,67;41,57;16778,99;16820,56;4393,42;3260,0;970,0;29,75;94,95;70,25;1055,79;16,46;64,12;10;198
NJRC95VRS;B;X;2,36;28,75;50021,29;50050,04;19968,0;15948,0;0,0;0,0;100,0;100,0;1205,76;80,55;14,97;0;198
NJTC91QCL;C;;12,39;10,47;7582,29;7592,76;604,8;308,0;0,0;0,0;100,0;100,0;79,44;1,56;51,07;0;198
NKER28VYI;C;X;4,99;5,44;6047,88;6053,32;1176,0;1038,0;0,0;0,0;100,0;100,0;105,72;5,24;20,17;0;198
NKFF82VWO;C;Z;1,71;8,07;8015,67;8023,74;4320,0;6730,0;0,0;0,0;100,0;100,0;470,1;33,99;13,83;0;198
NKPY49FBU;C;Y;4,03;104,54;19206,07;19310,61;4590,0;4680,0;0,0;0,0;100,0;100,0;2412,12;23,64;102,05;0;198
NKTT36EWT;B;Y;0,63;32,5;83745,25;83777,74;107200,0;89500,0;0,0;0,0;100,0;100,0;5197,17;452,02;11,5;0;198
NKVG41SOL;C;Z;0,64;118,37;0,0;118,37;0,0;6252,0;0,0;0,0;100,0;100,0;17071,88;31,58;540,66;0;198
NLGF42EAP;C;Y;4,54;26,97;24276,85;24303,82;5178,0;6264,0;612,0;9,77;97,47;90,23;576,24;31,64;18,21;5;198
NLJX03TOS;C;Y;3,59;4,38;2151,38;2155,75;576,0;516,0;0,0;0,0;100,0;100,0;115,09;2,61;44,16;0;198
NLNH69GOS;C;Y;2,96;35,13;62086,27;62121,39;19992,0;7725,0;570,0;7,38;96,46;92,62;1131,61;39,02;29,0;7;198
NLPZ29UNR;B;X;1,02;21,7;42714,11;42735,81;36468,0;30106,0;0,0;0,0;100,0;100,0;2110,48;152,05;13,88;0;198
NMBK49AWK;C;Z;2,81;15,53;14207,32;14222,85;4800,0;4335,0;10,0;0,23;99,49;99,77;531,16;21,89;24,26;1;198
NMIJ45NVB;A;X;0,97;64,32;177420,72;177485,04;158268,0;114919,0;0,0;0,0;100,0;100,0;6685,7;580,4;11,52;0;198
NMTQ54VSX;C;Z;3,68;0,75;0,0;0,75;0,0;148,0;60,0;40,54;98,48;59,46;19,21;0,75;25,7;3;198
NMUJ11GLO;B;X;12,84;255,98;791420,91;791676,9;60912,0;47853,0;0,0;0,0;100,0;100,0;2078,85;241,68;8,6;0;198
NNFA52OGB;C;Z;2,93;2,67;3330,53;3333,2;1080,0;5060,0;4000,0;79,05;76,77;20,95;89,33;25,56;3,5;46;198
NNSZ64KZL;B;Y;2,23;73,27;89157,49;89230,76;37440,0;38244,0;15025,0;39,29;89,39;60,71;3143,74;193,15;16,28;21;198
NNZC05SSP;B;X;2,06;89,06;123875,86;123964,92;56000,0;45980,0;0,0;0,0;100,0;100,0;4213,13;232,22;18,14;0;198
NOBV42YQP;B;Y;2,01;54,89;75144,43;75199,32;34830,0;35280,0;0,0;0,0;100,0;100,0;2698,5;178,18;15,14;0;198
NOFX62GPW;C;Z;4,99;31,68;14317,71;14349,4;2784,0;2952,0;0,0;0,0;100,0;100,0;599,82;14,91;40,23;0;198
NPLP04OHI;B;Y;1,72;75,38;134239,72;134315,1;71892,0;78620,0;4710,0;5,99;94,95;94,01;4419,21;397,07;11,13;10;198
NPSA07LSP;A;Y;1,94;172,05;235892,02;236064,07;113124,0;121068,0;0,0;0,0;100,0;100,0;8805,64;611,45;14,4;0;198
NPTA45ZLH;B;X;10,87;364,19;479270,3;479634,49;43488,0;32096,0;0,0;0,0;100,0;100,0;3250,02;162,1;20,05;0;198
NPZK34EXO;B;Z;1,2;97,24;63978,49;64075,73;47424,0;8684,0;0,0;0,0;100,0;100,0;7518,99;43,86;171,44;0;198
NQIU74UNR;C;Z;1,83;26,82;0,0;26,82;0,0;1710,0;0,0;0,0;100,0;100,0;1362,0;8,64;157,71;0;198
NQIW94FGS;C;;6,99;51,69;0,0;51,69;0,0;4230,0;0,0;0,0;100,0;100,0;703,33;21,36;32,92;0;198
NQMP00STU;C;X;1,28;18,48;5792,73;5811,21;4050,0;4605,0;0,0;0,0;100,0;100,0;1354,02;23,26;58,22;0;198
NQWD58ZEO;B;X;6,24;154,3;212658,6;212812,9;33264,0;24038,0;54,0;0,22;98,99;99,78;2399,18;121,4;19,76;2;198
NRFD15RAT;C;;7,35;8,9;26792,67;26801,56;3572,0;3424,0;1484,0;43,34;97,98;56,66;121,37;17,29;7,02;4;198
NRJJ85SMA;C;Z;3,05;4,52;5383,43;5387,95;1680,0;1776,0;816,0;45,95;95,45;54,05;141,33;8,97;15,76;9;198
NRTS61JMS;A;X;7,09;8103,37;3500633,87;3508737,25;483840,0;436160,0;0,0;0,0;100,0;100,0;107621,41;2202,83;48,86;0;198
NSAI04LSN;B;Y;3,47;58,02;75920,83;75978,85;21000,0;19560,0;0,0;0,0;100,0;100,0;1641,97;98,79;16,62;0;198
NSEV58UMV;B;X;1,02;36,67;70393,85;70430,52;60060,0;45180,0;0,0;0,0;100,0;100,0;3535,07;228,18;15,49;0;198
NSJX60UWP;C;X;3,01;4,85;1518,91;1523,76;480,0;350,0;10,0;2,86;99,49;97,14;150,15;1,77;84,94;1;198
NSOJ07IHM;B;X;4,07;47,16;121622,19;121669,35;28800,0;21776,0;48,0;0,22;99,49;99,78;1177,05;109,98;10,7;1;198
NSQG60TOF;B;X;2,14;48,95;78294,86;78343,81;34254,0;29698,0;234,0;0,79;98,99;99,21;2261,55;149,99;15,08;2;198
NSSK99QQC;C;Y;4,82;14,71;6157,35;6172,06;1240,0;1040,0;104,0;10,0;97,47;90,0;286,26;5,25;54,5;5;198
NSVJ69ESC;C;Y;3,84;20,66;31163,32;31183,98;7812,0;21654,0;14478,0;66,86;73,74;33,14;532,15;109,36;4,87;52;198
NSVQ56AZP;C;X;3,51;22,28;5862,54;5884,81;1600,0;1760,0;0,0;0,0;100,0;100,0;593,18;8,89;66,73;0;198
NTPV16BAP;B;Z;1,98;37,27;58510,09;58547,36;27486,0;48324,0;20280,0;41,97;88,38;58,03;1877,79;244,06;7,69;23;198
NVAF33VTB;C;Z;7,09;39,76;6424,77;6464,53;888,0;276,0;6,0;2,17;99,49;97,83;518,61;1,39;372,04;1;198
NVCV98FME;B;Z;3,1;0,0;0,0;0,0;0,0;19896,0;19872,0;99,88;87,88;0,12;0,24;100,48;0,0;24;198
NVXN46JYS;B;Y;3,68;494,58;265249,29;265743,87;69300,0;60570,0;0,0;0,0;100,0;100,0;12701,82;305,91;41,52;0;198
NWWH86HLY;B;X;2,66;111,32;181702,89;181814,21;64680,0;58107,0;0,0;0,0;100,0;100,0;4152,06;293,47;14,15;0;198
NXDY16VYU;B;Z;1,36;43,15;50074,7;50117,85;33096,0;47877,0;0,0;0,0;100,0;100,0;3159,7;241,8;13,07;0;198
NXYS27FUK;C;Y;1,9;16,92;18579,09;18596,01;9072,0;8085,0;1164,0;14,4;96,46;85,6;856,85;40,83;20,98;7;198
NXZZ07FXR;B;Y;2,39;46,11;82919,01;82965,13;32640,0;30085,0;1950,0;6,48;96,46;93,52;1920,2;151,94;12,64;7;198
NYBT56WPU;C;Y;2,62;20,48;15536,9;15557,38;5616,0;6633,0;636,0;9,59;96,46;90,41;751,73;33,5;22,44;7;198
NYDJ17UUS;C;X;3,7;27,48;11077,33;11104,81;2880,0;2688,0;0,0;0,0;100,0;100,0;698,79;13,58;51,47;0;198
NYOU12MMK;C;Z;2,55;41,38;23564,88;23606,27;8736,0;6736,0;288,0;4,28;97,98;95,72;1529,94;34,02;44,97;4;198
NYSA66KDE;C;Y;17,48;311,78;274958,18;275269,96;15600,0;10460,0;2920,0;27,92;96,46;72,08;1682,53;52,83;31,85;7;198
NZHF31NTS;C;Z;2,87;0,0;0,0;0,0;0,0;10,0;10,0;100,0;99,49;0,0;0,0;0,05;0,0;1;198
NZZQ39MJY;B;Y;1,78;61,41;86635,29;86696,7;44922,0;47737,5;0,0;0,0;100,0;100,0;3423,55;241,1;14,2;0;198
OARZ53PII;B;Y;1,83;58,22;118605,84;118664,07;59904,0;73643,0;7245,0;9,84;97,47;90,16;3267,86;371,93;8,79;5;198
OAWY81YIY;C;Y;6,16;17,78;26239,34;26257,12;4160,0;5442,0;892,0;16,39;94,44;83,61;289,13;27,48;10,52;11;198
OBVA40KRF;C;Z;2,99;4,37;0,0;4,37;0,0;460,0;220,0;47,83;99,49;52,17;135,76;2,32;58,43;1;198
OCRR18LTC;B;X;3,05;110,05;201558,13;201668,18;62900,0;53005,0;0,0;0,0;100,0;100,0;3588,64;267,7;13,41;0;198
ODFO56LOB;C;Z;4,64;15,76;0,0;15,76;0,0;680,0;16,0;2,35;99,49;97,65;316,57;3,43;92,18;1;198
ODLY66OLX;C;Z;2,05;2,47;395,63;398,1;180,0;24,0;0,0;0,0;100,0;100,0;111,45;0,12;919,5;0;198
ODVZ52SIC;C;Z;3,68;169,99;22965,31;23135,3;6000,0;1194,0;0,0;0,0;100,0;100,0;4266,61;6,03;707,53;0;198
OEDA87HTT;C;Y;3,49;11,37;9433,61;9444,98;2592,0;2526,0;0,0;0,0;100,0;100,0;313,07;12,76;24,54;0;198
OEGN51RLI;B;Y;3,15;131,72;98973,74;99105,46;29952,0;33479,0;0,0;0,0;100,0;100,0;4017,98;169,09;23,76;0;198
OELH53NFL;C;Y;8,21;45,68;67333,47;67379,15;8052,0;6372,0;216,0;3,39;97,47;96,61;543,76;32,18;16,9;5;198
OESV30XOR;B;Y;2,09;36,21;28800,16;28836,38;12852,0;16947,0;0,0;0,0;100,0;100,0;1682,0;85,59;19,65;0;198
OEUK21CZR;C;Y;1,21;0,07;0,0;0,07;0,0;1853,0;1530,0;82,57;90,91;17,43;7,11;9,36;0,76;18;198
OFEE62JBT;C;Y;2,89;1,96;1338,17;1340,14;440,0;500,0;150,0;30,0;95,45;70,0;64,34;2,53;25,48;9;198
OFHD37DEG;C;Z;2,17;4,12;5782,4;5786,52;2496,0;22096,0;22096,0;100,0;83,33;0,0;175,31;111,6;1,57;33;198
OFMQ74MKV;C;Y;6,01;156,52;17290,31;17446,84;2808,0;8433,0;1962,0;23,27;95,45;76,73;2434,18;42,59;57,15;9;198
OFVG94ROB;C;Y;2,24;30,99;29545,51;29576,5;12372,0;13161,0;0,0;0,0;100,0;100,0;1342,73;66,47;20,2;0;198
OGDL64ICT;C;Z;0,71;4,2;0,0;4,2;0,0;2382,0;612,0;25,69;83,84;74,31;556,85;12,03;46,29;32;198
OHED19NYE;B;Y;3,89;229,99;283861,91;284091,9;70200,0;69852,0;0,0;0,0;100,0;100,0;5797,21;352,79;16,43;0;198
OHNH79XLK;C;Z;37,14;23,44;10738,29;10761,73;288,0;288,0;48,0;16,67;98,48;83,33;59,39;1,45;40,83;3;198
OIMS50GTF;C;X;6,51;72,61;76321,98;76394,59;11452,03;8711,5;63,76589999999999;0,73;97,98;99,27;1071,0;44,0;24,34;4;198
OISN26GXK;C;Z;8,69;3,2;0,0;3,2;0,0;264,0;0,0;0,0;100,0;100,0;35,28;1,33;26,46;0;198
OJHC28XPG;C;X;4,79;44,27;49771,73;49815,99;10080,0;8025,0;160,0;1,99;98,99;98,01;891,92;40,53;22,01;2;198
OJNG70OUA;B;Z;2,09;20,48;12907,64;12928,11;5760,0;17154,0;10752,0;62,68;85,35;37,32;935,03;86,64;10,79;29;198
OJWH24BBU;B;Y;0,68;30,49;30804,43;30834,92;36960,0;33192,5;0,0;0,0;100,0;100,0;4279,72;167,64;25,53;0;198
OJZW75KMC;C;Y;2,05;21,96;24726,92;24748,88;11232,0;9594,0;0,0;0,0;100,0;100,0;1035,27;48,45;21,37;0;198
OKLU34CEX;C;Z;2,62;19,35;9599,57;9618,92;3465,0;2625,0;0,0;0,0;100,0;100,0;693,99;13,26;52,35;0;198
OKNK30CFN;B;X;4,81;54,75;88887,12;88941,87;17920,0;20198,0;2506,0;12,41;95,45;87,59;1138,38;102,01;11,16;9;198
OKQN07CAC;C;Y;5,96;33,79;21125,44;21159,24;3456,0;3534,0;228,0;6,45;98,99;93,55;539,09;17,85;30,2;2;198
OLEW18RSM;C;Z;3,64;54,06;43141,61;43195,67;11376,0;21750,0;10308,0;47,39;88,89;52,61;1425,76;109,85;12,98;22;198
OLMS34VEG;C;Y;3,2;24,19;34748,27;34772,46;10368,0;11274,0;696,0;6,17;97,47;93,83;749,76;56,94;13,17;5;198
OMHX03GZF;C;Z;4,13;54,81;41922,63;41977,44;9800,0;17355,0;7190,0;41,43;92,42;58,57;1275,1;87,65;14,55;15;198
ONRN54KFD;C;Z;3,92;76,94;0,0;76,94;0,0;33940,0;4640,0;13,67;94,95;86,33;1958,08;171,41;11,42;10;198
ONTU47FXX;C;X;3,21;19,18;19337,14;19356,32;5760,0;4330,0;30,0;0,69;99,49;99,31;572,98;21,87;26,2;1;198
OOSU70CSK;C;Z;3,7;0,0;0,0;0,0;0,0;192,0;192,0;100,0;99,49;0,0;0,0;0,97;0,0;1;198
OPJD12KCE;C;X;3,44;41,87;38614,51;38656,38;10752,0;12180,0;560,0;4,6;98,48;95,4;1180,12;61,52;19,18;3;198
OPPB50QWT;B;X;3,86;426,72;175604,3;176031,02;43776,0;35584,0;0,0;0,0;100,0;100,0;10365,41;179,72;57,68;0;198
OPTH55JIO;C;;4,11;0,76;36366,54;36367,29;8544,0;1160,0;0,0;0,0;100,0;100,0;22,83;5,86;3,9;0;198
ORBJ39SFE;B;X;4,45;71,5;99404,38;99475,88;21600,0;20587,0;0,0;0,0;100,0;100,0;1584,2;103,97;15,24;0;198
OSFN08WSO;C;Y;5,86;16,0;10104,63;10120,63;1680,0;1767,0;0,0;0,0;100,0;100,0;260,39;8,92;29,18;0;198
OSHR27ZTV;B;X;2,49;55,65;117196,8;117252,45;44352,0;34520,0;3864,0;11,19;96,46;88,81;2212,91;174,34;12,69;7;198
OSJO75AUG;B;X;1,37;95,83;118078,04;118173,88;77664,0;60198,0;1008,0;1,67;98,99;98,33;6744,73;304,03;22,18;2;198
OTEQ39EOJ;B;X;1,38;23,62;31766,4;31790,02;20736,0;17778,0;324,0;1,82;98,99;98,18;1663,27;89,79;18,52;2;198
OTUA56BXX;C;Y;1,05;28,28;0,0;28,28;0,0;3624,0;0,0;0,0;100,0;100,0;2502,42;18,3;136,72;0;198
OTXR21ZKY;C;Y;0,7;2,42;0,0;2,42;0,0;8100,0;7380,0;91,11;92,42;8,89;321,21;40,91;7,85;15;198
OUBF41YMR;C;X;1,99;11,35;19683,68;19695,02;9216,0;10752,0;1344,0;12,5;94,95;87,5;574,22;54,3;10,57;10;198
OVJQ36TNG;C;Y;6,8;30,86;23630,01;23660,87;3402,0;2901,0;102,0;3,52;98,99;96,48;432,67;14,65;29,53;2;198
OVRE00NNC;C;Z;4,99;38,18;12507,74;12545,91;2432,06;2840,0;1021,955;35,98;97,98;64,02;713,96;14,34;49,78;4;198
OWJX28OTG;C;Z;3,89;0,75;0,0;0,75;0,0;1772,0;1304,0;73,59;92,93;26,41;20,12;8,95;2,25;14;198
OWYF52SLD;A;Y;0,54;93,96;150515,94;150609,9;216845,0;201732,5;1550,0;0,77;98,99;99,23;16928,04;1018,85;16,61;2;198
OXEL15MCN;C;Y;3,0;13,38;7900,2;7913,58;2508,0;1748,0;0,0;0,0;100,0;100,0;420,02;8,83;47,58;0;198
OXMX77UUL;C;Z;6,51;35,98;35988,26;36024,25;5400,0;6070,0;460,0;7,58;95,45;92,42;537,47;30,66;17,53;9;198
OYKY25YVZ;A;X;2,2;311,17;389667,6;389978,77;165816,0;127511,0;0,0;0,0;100,0;100,0;13681,04;643,99;21,24;0;198
OYQW45SPQ;C;;4,34;9,46;24698,19;24707,64;5500,0;1200,0;150,0;12,5;98,99;87,5;206,11;6,06;34,01;2;198
OYTS04JYU;C;Y;4,78;36,56;14203,27;14239,83;2880,0;2356,0;0,0;0,0;100,0;100,0;716,69;11,9;60,23;0;198
OZGL58WPA;B;Y;1,18;53,83;29401,05;29454,88;22080,0;24350,0;160,0;0,66;99,49;99,34;4321,01;122,98;35,14;1;198
OZYM77AZU;B;Y;0,6;12,0;25871,32;25883,32;34560,0;41724,0;10944,0;26,23;91,41;73,77;2002,91;210,73;9,5;17;198
PBWK76OIS;A;X;2,12;135,99;238315,35;238451,34;104754,0;95190,0;0,0;0,0;100,0;100,0;6379,21;480,76;13,27;0;198
PCFE38WUG;A;X;3,81;534,45;258315,72;258850,16;65280,0;59600,0;0,0;0,0;100,0;100,0;13240,4;301,01;43,99;0;198
PCHH84UQH;C;Y;2,27;20,28;25431,55;25451,83;10530,0;10010,0;1000,0;9,99;97,98;90,01;870,86;50,56;17,23;4;198
PFGZ81LVL;B;X;1,37;40,2;70673,63;70713,83;46500,0;50275,0;7050,0;14,02;95,96;85,98;2922,85;253,91;11,51;8;198
PFJO30EEZ;B;Y;2,81;5,25;0,0;5,25;0,0;23226,0;20118,0;86,62;62,63;13,38;187,87;117,3;1,6;74;198
PFNY82FSY;C;Y;0,9;1,19;1673,49;1674,68;1596,0;1566,0;36,0;2,3;98,99;97,7;130,3;7,91;16,48;2;198
PFYW41KAU;C;Z;4,5;11,68;0,0;11,68;0,0;348,0;0,0;0,0;100,0;100,0;240,77;1,76;136,99;0;198
PGRO19BGC;C;X;7,19;57,07;63392,12;63449,18;8640,0;6240,0;870,0;13,94;95,96;86,06;758,99;31,52;24,08;8;198
PHAE44MFM;C;X;2,93;28,54;25256,51;25285,05;8190,0;7405,0;0,0;0,0;100,0;100,0;933,94;37,4;24,97;0;198
PHBG16EOE;C;Z;1,15;14,44;26168,68;26183,12;20160,0;17856,0;3024,0;16,94;90,91;83,06;1234,18;90,18;13,69;18;198
PHFU23MFN;B;Y;0,8;12,49;47404,45;47416,93;49680,0;59103,0;17631,0;29,83;82,32;70,17;1640,45;298,5;5,5;35;198
PHFZ53NDI;B;Y;1,26;25,2;40294,43;40319,64;28560,0;24650,0;0,0;0,0;100,0;100,0;1966,72;124,49;15,8;0;198
PHGP07AIQ;B;Y;3,42;137,71;224771,92;224909,63;63000,0;64147,0;0,0;0,0;100,0;100,0;4037,7;323,97;12,46;0;198
PICV67AWX;C;Y;1,06;23,18;11640,0;11663,18;9600,0;8290,0;60,0;0,72;99,49;99,28;2052,02;41,87;49,01;1;198
PITW12VHT;B;X;4,72;83,43;137317,6;137401,03;28224,0;26700,0;760,0;2,85;98,48;97,15;1761,82;134,85;13,07;3;198
PIWA88MZG;B;X;1,71;58,49;129796,87;129855,35;69696,0;62645,0;4224,0;6,74;95,45;93,26;3443,33;316,39;10,88;9;198
PKEU98LWC;B;Y;2,87;43,1;100365,29;100408,39;33228,0;97362,0;61596,0;63,26;73,23;36,74;1564,55;491,73;3,18;53;198
PKKZ70YGN;B;Z;1,0;19,86;33810,0;33829,86;29400,0;30037,5;500,0;1,66;99,49;98,34;1979,42;151,7;13,05;1;198
PLDL23FSN;C;Z;3,42;20,14;16971,43;16991,57;4752,0;9480,0;5048,0;53,25;95,96;46,75;564,97;47,88;11,8;8;198
PLEI36OLB;C;Y;2,49;14,93;8325,0;8339,93;3150,0;2870,0;50,0;1,74;98,99;98,26;566,36;14,49;39,07;2;198
PLIB78VDF;B;X;4,83;70,44;176093,56;176164,0;35328,0;30700,0;2032,0;6,62;97,47;93,38;1487,68;155,05;9,59;5;198
PLNM62MJA;C;Y;6,06;37,69;35182,96;35220,65;5661,63;3372,5;968,6776;28,72;83,84;71,28;585,04;17,03;34,35;32;198
PLPD73VVL;C;Y;2,75;55,19;9140,43;9195,62;3150,0;1940,0;0,0;0,0;100,0;100,0;1858,48;9,8;189,68;0;198
PLRK54FAW;C;Y;3,06;16,37;6107,14;6123,51;1900,0;2677,5;0,0;0,0;100,0;100,0;505,93;13,52;37,41;0;198
PLSL66AFW;C;Z;3,75;7,81;0,0;7,81;0,0;2040,0;0,0;0,0;100,0;100,0;202,12;10,3;19,62;0;198
PLST62KKK;C;Z;7,55;10,66;6896,3;6906,96;896,0;672,0;0,0;0,0;100,0;100,0;133,58;3,39;39,36;0;198
PLVP95PCK;A;X;1,73;950,98;435366,4;436317,38;231168,0;164007,0;0,0;0,0;100,0;100,0;51397,74;828,32;62,05;0;198
PLWC05CAU;C;Y;24,47;24,52;60266,17;60290,68;2448,0;3096,0;1038,0;33,53;90,91;66,47;102,76;15,64;6,57;18;198
PMGI04ECU;C;;4,37;15,13;27495,36;27510,49;6080,0;1080,0;0,0;0,0;100,0;100,0;324,39;5,45;59,47;0;198
PMGO30PTM;C;Z;4,82;87,43;201238,04;201325,48;40500,0;37656,0;0,0;0,0;100,0;100,0;1862,55;190,18;9,79;0;198
PMIV97RLD;A;Y;1,75;119,85;167399,45;167519,3;87942,0;108235,0;1962,0;1,81;98,48;98,19;6836,39;546,64;12,51;3;198
PMON32JXM;C;Y;5,17;57,83;68889,1;68946,93;12960,0;11332,0;0,0;0,0;100,0;100,0;1089,05;57,23;19,03;0;198
PMVB04DFP;B;Z;2,18;64,46;78217,44;78281,9;33534,0;33171,0;0,0;0,0;100,0;100,0;2889,79;167,53;17,25;0;198
PNAC85SOO;B;X;1,39;48,86;62157,65;62206,51;40320,0;33850,0;0,0;0,0;100,0;100,0;3407,27;170,96;19,93;0;198
PNKG18VPQ;C;X;2,53;12,58;22476,69;22489,27;8390,0;6752,5;130,0;1,93;98,48;98,07;492,07;34,1;14,43;3;198
PNUZ83MJA;C;X;4,99;27,32;67083,43;67110,74;13044,0;13511,0;1816,0;13,44;95,45;86,56;563,33;68,24;8,26;9;198
POAN18DMY;B;X;2,09;97,86;152695,57;152793,42;68040,0;59635,5;147,0;0,25;99,49;99,75;4607,34;301,19;15,3;1;198
POEP14MFF;C;X;2,17;6,28;6486,67;6492,95;2800,0;1710,0;0,0;0,0;100,0;100,0;275,76;8,64;31,93;0;198
POYV82QFL;B;Y;8,27;107,45;173498,04;173605,49;20608,0;19617,5;1351,0;6,89;96,97;93,11;1289,98;99,08;13,02;6;198
PPCF38GNY;C;X;1,94;18,38;21486,43;21504,81;10304,0;9462,0;742,0;7,84;97,47;92,16;919,26;47,79;19,24;5;198
PPDD34VJC;B;Y;2,58;42,86;68063,91;68106,77;24948,0;26500,5;0,0;0,0;100,0;100,0;1665,91;133,84;12,45;0;198
PQDQ00TEB;C;Z;1,1;0,0;0,0;0,0;0,0;944,0;944,0;100,0;91,41;0,0;0,0;4,77;0,0;17;198
PQLA64XZE;B;X;1,39;26,91;31078,83;31105,73;20160,0;35860,0;660,0;1,84;98,99;98,16;1959,9;181,11;10,82;2;198
PQQM50KOX;C;Z;1,27;51,02;33414,32;33465,34;23520,0;21640,0;1800,0;8,32;97,98;91,68;3801,31;109,29;34,78;4;198
PQZT34LLH;C;Y;3,23;4,44;425,62;430,06;126,0;1561,0;98,0;6,28;97,47;93,72;134,27;7,88;17,03;5;198
PRBI09OKT;C;Y;2,87;24,6;21743,01;21767,62;7200,0;17077,5;9465,0;55,42;87,88;44,58;828,64;86,25;9,61;24;198
PRNS55XAG;C;Y;1,51;19,45;22755,2;22774,65;13728,0;13772,0;0,0;0,0;100,0;100,0;1258,51;69,56;18,09;0;198
PRTX76HDL;C;;1,78;15,42;24438,86;24454,27;12672,0;5264,0;2000,0;37,99;94,95;62,01;815,35;26,59;30,67;10;198
PRZC55EQP;B;Y;1,72;58,59;78200,07;78258,66;41880,0;31986,0;1848,0;5,78;97,98;94,22;3296,85;161,55;20,41;4;198
PSIY99BMN;C;Y;17,16;58,23;52335,51;52393,74;3024,0;2856,0;0,0;0,0;100,0;100,0;327,25;14,42;22,69;0;198
PSOV29XVY;C;Z;2,04;36,06;65136,78;65172,83;29808,0;22362,0;0,0;0,0;100,0;100,0;1745,88;112,94;15,46;0;198
PSPH64WVA;C;;1,52;0,68;300,06;300,74;180,0;18,0;0,0;0,0;100,0;100,0;41,47;0,09;456,17;0;198
PTEI12CTX;A;X;1,53;264,95;303920,23;304185,18;181140,0;214410,0;13860,0;6,46;95,96;93,54;16996,97;1082,88;15,7;8;198
PTFI33KHS;C;Z;3,4;9,75;16407,51;16417,26;4620,0;2497,0;187,0;7,49;96,97;92,51;276,0;12,61;21,89;6;198
PTFM53ANG;C;Y;5,03;42,75;44744,63;44787,38;8640,0;8820,0;1440,0;16,33;97,47;83,67;820,85;44,55;18,43;5;198
PTWG09VDE;C;Z;3,9;19,42;9713,42;9732,84;2400,0;3440,0;1570,0;45,64;93,43;54,36;468,69;17,37;26,98;13;198
PWAS94WWG;B;Y;2,55;0,0;0,0;0,0;0,0;48720,0;48720,0;100,0;71,21;0,0;0,0;246,06;0,0;57;198
PWMB67VQZ;B;Y;5,27;13,24;72299,71;72312,95;13328,0;39543,0;24507,0;61,98;64,14;38,02;307,29;199,71;1,54;71;198
PWTR98HXV;C;Z;2,79;7,23;5080,68;5087,91;1728,0;1248,0;192,0;15,38;98,48;84,62;244,12;6,3;38,73;3;198
PWWV61GUP;A;X;2,08;143,62;241732,4;241876,02;108576,0;87969,5;0,0;0,0;100,0;100,0;6819,81;444,29;15,35;0;198
PXAU54ENA;A;Y;0,7;791,6;246602,95;247394,55;290360,0;344802,5;10370,0;3,01;98,99;96,99;106026,77;1741,43;60,88;2;198
PXIW12ZDN;C;Y;5,79;27,16;5579,66;5606,82;939,36;1193,5;0,0;0,0;100,0;100,0;438,41;6,03;72,73;0;198
PXKY85XQK;C;Y;8,67;70,07;76236,0;76306,07;8640,0;9318,0;972,0;10,43;96,97;89,57;786,79;47,06;16,72;6;198
PYOM85JTL;B;Y;1,43;19,79;36701,79;36721,57;23250,0;29437,5;7500,0;25,48;93,94;74,52;1387,5;148,67;9,33;12;198
PYQH69NNQ;B;X;6,33;93,01;209983,94;210076,95;32400,0;24362,0;6471,0;26,56;94,44;73,44;1444,45;123,04;11,74;11;198
PYQN27NUC;C;Z;4,82;35,89;53663,48;53699,37;10800,0;12717,0;834,0;6,56;96,46;93,44;746,52;64,23;11,62;7;198
PYSG09IZM;C;Z;5,43;3,72;9738,38;9742,1;1746,0;30861,0;26730,0;86,61;60,1;13,39;84,0;155,86;0,54;79;198
PYWQ64UBD;C;Z;1,56;0,58;246,42;247,01;144,0;92,0;84,0;91,3;98,99;8,7;34,49;0,46;74,24;2;198
PYYC89TAM;C;Y;3,98;11,74;924,0;935,74;224,0;608,0;0,0;0,0;100,0;100,0;275,37;3,07;89,68;0;198
PYYH42PMT;B;Y;1,5;74,68;88185,82;88260,5;53568,0;61027,5;585,0;0,96;99,49;99,04;4906,0;308,22;15,92;1;198
PZDY46SHA;C;Y;4,96;0,09;0,0;0,09;0,0;168,0;0,0;0,0;100,0;100,0;2,55;0,85;3,0;0;198
PZII81LBV;C;X;3,15;21,69;18119,06;18140,76;5490,0;4644,0;0,0;0,0;100,0;100,0;658,15;23,45;28,06;0;198
PZSU20YVV;C;Z;5,18;50,2;18412,8;18463,0;3456,0;3366,0;0,0;0,0;100,0;100,0;910,71;17,0;53,57;0;198
PZUX42PGO;B;X;2,62;39,48;54379,14;54418,61;19656,0;18951,0;0,0;0,0;100,0;100,0;1486,36;95,71;15,53;0;198
QAJK29OLX;B;X;3,73;879,38;284820,58;285699,96;73440,0;71310,0;0,0;0,0;100,0;100,0;22100,61;360,15;61,36;0;198
QAJS91OHX;A;X;1,15;191,63;170096,43;170288,06;131040,0;133416,0;14616,0;10,96;93,94;89,04;15985,45;673,82;23,72;12;198
QAYE06JJN;B;X;2,83;38,1;94131,48;94169,58;31590,0;26975,0;4030,0;14,94;93,43;85,06;1356,87;136,24;9,96;13;198
QBHV23BFP;C;X;2,21;23,16;20029,98;20053,14;8470,0;6685,0;0,0;0,0;100,0;100,0;997,53;33,76;29,55;0;198
QBMG21TCZ;A;Y;1,42;81,82;79652,57;79734,39;50688,0;60680,0;224,0;0,37;99,49;99,63;5610,91;306,46;18,31;1;198
QBND07ECT;C;Z;2,21;13,85;2043,2;2057,05;864,0;450,0;0,0;0,0;100,0;100,0;578,79;2,27;254,67;0;198
QBRS61BFF;C;Y;5,74;73,98;37608,19;37682,17;6384,0;5386,0;0,0;0,0;100,0;100,0;1214,91;27,2;44,66;0;198
QBTT91ZHA;B;Z;3,0;590,8;517489,29;518080,09;164164,0;30349,0;0,0;0,0;100,0;100,0;18291,33;153,28;119,33;0;198
QCHV83OFN;B;Y;1,89;42,62;48371,78;48414,4;23754,0;25504,0;0,0;0,0;100,0;100,0;2211,42;128,81;17,17;0;198
QCVO76KFL;C;Y;7,29;30,4;41675,04;41705,43;5600,0;4675,0;250,0;5,35;97,98;94,65;406,57;23,61;17,22;4;198
QDQA42RMJ;C;Z;16,67;5,72;4036,0;4041,72;240,0;395,0;205,0;51,9;88,38;48,1;32,6;1,99;16,34;23;198
QFBK33EBW;C;X;3,08;16,46;13957,41;13973,87;4320,0;3855,0;10,0;0,26;99,49;99,74;511,82;19,47;26,29;1;198
QFCQ78XDA;C;Z;3,59;23,86;11219,78;11243,65;3000,0;2555,0;0,0;0,0;100,0;100,0;625,56;12,9;48,48;0;198
QFTN70PGA;B;Y;10,48;919,11;0,0;919,11;0,0;76360,05;2088,0633;2,73;97,47;97,27;8456,77;385,66;21,93;5;198
QHGJ45TQJ;C;X;4,78;22,29;16570,48;16592,77;3360,0;3244,0;0,0;0,0;100,0;100,0;446,06;16,38;27,23;0;198
QIZH02CFJ;C;Y;2,21;4,5;1248,62;1253,13;528,0;1128,0;192,0;17,02;98,99;82,98;192,18;5,7;33,73;2;198
QJCT64TCW;C;Z;5,18;46,79;6137,6;6184,39;1152,0;1196,0;0,0;0,0;100,0;100,0;838,93;6,04;138,89;0;198
QJNY67PSH;C;Z;0,98;22,65;29415,27;29437,92;25920,0;25080,0;0,0;0,0;100,0;100,0;2246,36;126,67;17,73;0;198
QKYC71LXL;C;Z;4,84;42,82;11504,53;11547,34;2304,0;2576,0;1296,0;50,31;95,96;49,69;821,33;13,01;63,13;8;198
QMFO05EAV;C;X;3,04;23,42;41293,57;41316,98;12960,0;11775,0;2360,0;20,04;93,43;79,96;758,43;59,47;12,75;13;198
QMJH05DXH;B;X;3,33;61,69;90091,64;90153,32;25920,0;23955,0;1095,0;4,57;95,96;95,43;1825,08;120,98;15,09;8;198
QNHR09IRJ;C;Y;2,49;2,05;888,0;890,05;336,0;342,0;0,0;0,0;100,0;100,0;77,45;1,73;44,84;0;198
QNIS08ATI;B;Y;3,75;33,52;44247,32;44280,83;11340,0;10624,0;0,0;0,0;100,0;100,0;877,02;53,66;16,35;0;198
QNKR09GVP;B;Y;1,42;32,19;38006,57;38038,77;24186,0;27991,0;1206,0;4,31;99,49;95,69;2222,91;141,37;15,72;1;198
QNVO51NHJ;B;X;5,44;289,94;382843,89;383133,83;68544,0;59015,0;2400,0;4,07;98,48;95,93;5202,67;298,06;17,46;3;198
QNVW66ZZO;C;Z;3,87;16,29;3763,42;3779,71;936,0;753,0;0,0;0,0;100,0;100,0;391,61;3,8;102,97;0;198
QNZY95LQR;C;Z;1,6;6,84;0,0;6,84;0,0;4680,0;3510,0;75,0;97,98;25,0;401,14;23,64;16,97;4;198
QOCE07MJY;A;X;1,41;96,17;194169,18;194265,34;124360,0;102896,0;0,0;0,0;100,0;100,0;6800,0;519,68;13,09;0;198
QOWU46JPA;C;Y;3,18;3,23;640,2;643,43;192,0;176,0;0,0;0,0;100,0;100,0;94,34;0,89;106,14;0;198
QPEP34AUY;B;X;0,61;31,98;38291,85;38323,84;50688,0;42264,0;288,0;0,68;98,99;99,32;5081,09;213,45;23,8;2;198
QPHB74DRB;C;Y;3,47;33,05;40245,27;40278,33;11132,0;9696,5;869,0;8,96;96,46;91,04;923,78;48,97;18,86;7;198
QPKZ26QKR;B;Z;5,59;34,92;61964,06;61998,97;10800,0;57738,0;43280,0;74,96;75,76;25,04;648,99;291,61;2,23;48;198
QPOO47NWY;B;Y;3,7;55,85;108638,64;108694,49;28245,0;27748,0;294,0;1,06;98,99;98,94;1531,34;140,14;10,93;2;198
QPUY22PFH;B;Y;1,65;40,45;39602,12;39642,57;22032,0;26352,0;24,0;0,09;99,49;99,91;2395,88;133,09;18,0;1;198
QQIE71AMV;C;;6,81;8,56;8018,62;8027,18;1152,0;708,0;0,0;0,0;100,0;100,0;119,45;3,58;33,41;0;198
QRHJ08LMP;C;;3,7;1,73;1972,6;1974,34;512,0;1440,0;0,0;0,0;100,0;100,0;50,45;7,27;6,94;0;198
QRKH64TPD;B;Z;1,84;49,81;53143,97;53193,78;26646,0;29212,0;0,0;0,0;100,0;100,0;2636,79;147,54;17,87;0;198
QRKI37UKH;C;Y;1,4;15,4;18095,63;18111,03;11664,0;13518,0;3936,0;29,12;93,43;70,88;1061,09;68,27;15,54;13;198
QSAR41GKP;C;Z;3,23;30,19;9086,02;9116,21;2688,0;3192,0;24,0;0,75;99,49;99,25;877,45;16,12;54,43;1;198
QSFI73EHC;C;Y;0,34;6,17;0,0;6,17;0,0;5587,5;0,0;0,0;100,0;100,0;1697,05;28,22;60,14;0;198
QSFM55YRX;B;Y;2,87;61,86;70696,36;70758,22;23400,0;28215,0;0,0;0,0;100,0;100,0;2128,3;142,5;14,94;0;198
QSOF73TBC;C;;3,95;12,48;15728,58;15741,07;3840,0;240,0;24,0;10,0;98,99;90,0;292,65;1,21;241,43;2;198
QSYH24CQB;C;X;3,08;15,8;11631,18;11646,97;3600,0;3400,0;0,0;0,0;100,0;100,0;489,75;17,17;28,52;0;198
QTDC98ONK;C;Z;2,09;32,4;20974,91;21007,31;9360,0;37122,0;29982,0;80,77;80,3;19,23;1464,52;187,48;7,81;39;198
QTFD45OWG;A;Y;1,22;107,52;118007,48;118115,01;86400,0;104305,0;0,0;0,0;100,0;100,0;8678,15;526,79;16,47;0;198
QTQQ18STC;C;Z;4,47;17,33;19959,04;19976,38;4320,0;4220,0;50,0;1,18;99,49;98,82;378,48;21,31;17,76;1;198
QTVP34KGG;B;Y;2,37;77,55;76223,83;76301,38;30240,0;34887,0;0,0;0,0;100,0;100,0;3191,42;176,2;18,11;0;198
QUAC44QGG;A;X;1,45;164,8;200303,32;200468,12;124990,0;104821,0;0,0;0,0;100,0;100,0;10986,94;529,4;20,75;0;198
QUFK62CBN;C;Z;3,76;28,33;4880,38;4908,72;1248,0;1380,0;0,0;0,0;100,0;100,0;701,45;6,97;100,64;0;198
QURP24BCZ;C;X;2,77;10,57;5608,0;5618,57;1920,0;1374,0;0,0;0,0;100,0;100,0;358,48;6,94;51,66;0;198
QUYF81ZTD;C;Y;2,18;17,95;22335,85;22353,8;9576,0;7203,0;413,0;5,73;97,47;94,27;792,45;36,38;21,78;5;198
QVEN95FQS;C;X;4,74;75,66;70481,17;70556,83;14400,0;16988,0;0,0;0,0;100,0;100,0;1555,72;85,8;18,13;0;198
QVET18CQH;C;Y;1,48;10,59;9496,33;9506,92;5830,0;6120,0;0,0;0,0;100,0;100,0;690,71;30,91;22,35;0;198
QVFR72SCT;C;Z;4,14;27,22;30893,33;30920,55;7200,0;4230,0;0,0;0,0;100,0;100,0;627,22;21,36;29,36;0;198
QVIC18WQB;B;Y;11,96;221,04;471022,99;471244,02;38880,0;30262,5;690,0;2,28;98,48;97,72;1852,12;152,84;12,12;3;198
QVKL14FRX;B;Z;1,45;20,17;24922,93;24943,1;15552,0;14064,0;0,0;0,0;100,0;100,0;1350,85;71,03;19,02;0;198
QVVF88YKC;C;Z;3,79;11,64;8659,66;8671,29;2200,0;2176,0;168,0;7,72;96,97;92,28;293,41;10,99;26,7;6;198
QWEV20OGI;C;Z;1,54;0,05;0,0;0,05;0,0;150,0;0,0;0,0;100,0;100,0;3,84;0,76;5,07;0;198
QWMH94MOS;C;Y;2,14;5,46;8448,0;8453,46;3696,0;3570,0;2492,0;69,8;97,98;30,2;240,9;18,03;13,36;4;198
QWMU99ZJU;B;Z;0,97;250,39;92192,76;92443,16;82304,0;48048,0;0,0;0,0;100,0;100,0;24032,0;242,67;99,03;0;198
QXDM72XDH;B;X;2,75;78,71;190120,97;190199,68;65520,0;51205,0;0,0;0,0;100,0;100,0;2895,1;258,61;11,19;0;198
QXLI12HEF;C;Z;1,54;2,35;1317,27;1319,63;780,0;2305,0;1485,0;64,43;75,76;35,57;145,15;11,64;12,47;48;198
QXNY62CAT;B;Z;0,07;7,64;14283,38;14291,02;64800,0;47800,0;0,0;0,0;100,0;100,0;10239,39;241,41;42,41;0;198
QXUA51AGA;C;;9,05;20,59;34778,74;34799,33;3780,0;4356,0;2640,0;60,61;94,95;39,39;218,33;22,0;9,92;10;198
QXUK41KZJ;C;;3,97;0,85;1566,57;1567,42;380,0;256,0;96,0;37,5;96,46;62,5;20,57;1,29;15,91;7;198
QZFJ39WRU;B;X;4,31;170,38;131854,14;132024,51;29568,0;27692,0;0,0;0,0;100,0;100,0;3784,06;139,86;27,06;0;198
QZRC62ZAR;C;Z;1,54;0,91;649,83;650,73;384,0;1560,0;60,0;3,85;99,49;96,15;61,82;7,88;7,85;1;198
RADS85GOD;C;;4,31;17,17;13556,43;13573,6;3040,0;790,0;0,0;0,0;100,0;100,0;371,26;3,99;93,05;0;198
RBBW13CPD;B;Y;1,36;40,86;52175,65;52216,52;34560,0;71143,0;29456,0;41,4;83,33;58,6;2980,48;359,31;8,3;33;198
RBNP19LFX;C;Y;7,4;99,65;74676,66;74776,31;9890,95;8655,0;0,0;0,0;100,0;100,0;1284,86;43,71;29,39;0;198
RBQF01BID;C;Z;5,65;0,07;0,0;0,07;0,0;6,0;0,0;0,0;100,0;100,0;1,18;0,03;39,0;0;198
RBZM41MRT;B;X;4,99;54,65;111085,71;111140,37;21600,0;17853,0;16,0;0,09;99,49;99,91;1099,03;90,17;12,19;1;198
RCQV17PQZ;C;Z;9,31;139,99;239088,44;239228,43;25272,0;20933,0;0,0;0,0;100,0;100,0;1491,58;105,72;14,11;0;198
RCVZ50CQS;C;X;2,93;38,31;28062,79;28101,11;9100,0;7038,0;0,0;0,0;100,0;100,0;1239,19;35,55;34,86;0;198
RDDC35ZPD;C;Z;0,67;20,6;7905,31;7925,91;9600,0;7340,0;0,0;0,0;100,0;100,0;2856,97;37,07;77,07;0;198
RDSE90QON;A;X;1,89;67,74;197683,2;197750,94;96768,0;73912,0;0,0;0,0;100,0;100,0;3671,76;373,29;9,84;0;198
RDWH24DIQ;C;Z;2,07;36,04;71979,6;72015,64;32472,0;31633,0;3384,0;10,7;96,46;89,3;1750,12;159,76;10,95;7;198
REBD40JGD;A;X;0,18;80,1;454933,57;455013,66;1373760,0;1130670,0;0,0;0,0;100,0;100,0;46462,27;5710,45;8,14;0;198
RFHD44BLL;C;X;1,06;1,93;1303,28;1305,21;1080,0;510,0;0,0;0,0;100,0;100,0;171,03;2,58;66,4;0;198
RFIU95FKX;C;Y;5,88;16,81;5205,6;5222,41;864,0;396,0;96,0;24,24;97,98;75,76;265,27;2,0;132,64;4;198
RFKT10XUU;C;Z;4,06;43,4;48548,57;48591,97;11520,0;5964,0;3888,0;65,19;93,94;34,81;994,73;30,12;33,02;12;198
RFNP40JMM;B;X;1,11;11,57;27768,18;27779,75;22080,0;19860,0;400,0;2,01;99,49;97,99;1060,91;100,3;10,58;1;198
RFRN99JDV;C;X;3,75;18,35;24550,63;24568,98;6292,0;5472,0;0,0;0,0;100,0;100,0;478,4;27,64;17,31;0;198
RFRW91JQI;C;Z;1,1;5,58;5717,94;5723,52;4570,0;3772,0;214,0;5,67;97,98;94,33;485,21;19,05;25,47;4;198
RFUQ23EGW;C;;8,96;1,15;1803,51;1804,66;198,0;648,0;351,0;54,17;97,98;45,83;13,32;3,27;4,07;4;198
RFWB96ZBO;B;Y;3,78;47,51;85425,14;85472,65;21735,0;21178,5;91,0;0,43;99,49;99,57;1264,91;106,96;11,83;1;198
RFYV28LSE;B;Y;3,0;29,12;79354,8;79383,92;25192,0;54572,0;35784,0;65,57;79,8;34,43;989,58;275,62;3,59;40;198
RHKP67BIT;C;Y;2,75;23,7;19012,1;19035,79;6552,0;6779,5;0,0;0,0;100,0;100,0;827,93;34,24;24,18;0;198
RHPC77DDZ;C;Z;1,86;12,97;28144,05;28157,03;13979,0;15449,0;2037,0;13,19;93,43;86,81;709,55;78,03;9,09;13;198
RHPH31ZAW;A;Z;1,1;25,39;52354,67;52380,06;41760,0;33375,0;0,0;0,0;100,0;100,0;2289,24;168,56;13,58;0;198
RIBL43KKW;B;X;2,11;57,74;64799,85;64857,59;28728,0;38526,0;12168,0;31,58;92,42;68,42;2660,73;194,58;13,67;15;198
RJIH28MSS;A;X;1,5;152,56;213352,78;213505,34;129600,0;106670,5;0,0;0,0;100,0;100,0;9936,84;538,74;18,44;0;198
RJOU39AKY;C;Z;0,38;4,55;13973,79;13978,34;26400,0;17150,0;6250,0;36,44;95,45;63,56;1160,1;86,62;13,39;9;198
RLTT30QZQ;B;X;4,45;116,75;172300,93;172417,68;37440,0;31675,0;0,0;0,0;100,0;100,0;2577,01;159,97;16,11;0;198
RMEO10IDD;C;Y;2,8;25,68;31810,91;31836,59;10800,0;10350,0;75,0;0,72;98,99;99,28;898,48;52,27;17,19;2;198
RMRT61OGN;C;X;3,42;36,7;26972,63;27009,33;7560,0;8533,0;0,0;0,0;100,0;100,0;1032,83;43,1;23,97;0;198
RNLT07BZT;A;X;0,47;154,58;254171,34;254325,92;408240,0;344700,0;11340,0;3,29;96,46;96,71;31831,82;1740,91;18,28;7;198
RNPD00TJP;A;Y;0,36;11,57;50633,14;50644,72;99840,0;111040,0;0,0;0,0;100,0;100,0;3547,88;560,81;6,33;0;198
RNYD75DSJ;C;Z;9,21;103,01;24482,42;24585,43;2614,87;774,0;0,0;0,0;100,0;100,0;1034,54;3,91;264,65;0;198
RNYZ69VWX;C;Z;0,56;0,07;32,1;32,17;45,0;44,0;2,0;4,55;99,49;95,45;11,19;0,22;50,34;1;198
ROEA65EKL;B;X;1,49;32,04;104893,31;104925,35;64152,0;49423,5;324,0;0,66;99,49;99,34;2236,5;249,61;8,96;1;198
ROSZ84SVQ;C;Z;1,46;32,1;7743,53;7775,63;4800,0;9684,0;0,0;0,0;100,0;100,0;2071,03;48,91;42,34;0;198
RPHN38GZM;C;Y;2,48;10,55;10973,24;10983,79;4180,0;4087,5;0,0;0,0;100,0;100,0;413,33;20,64;20,02;0;198
RPXH65UOY;B;Y;3,23;65,35;94480,41;94545,77;27951,0;39337,0;12026,0;30,57;89,9;69,43;2002,74;198,67;10,08;20;198
RQLU25BRI;C;;4,22;29,09;66048,85;66077,94;15120,0;11592,0;3912,0;33,75;94,95;66,25;674,42;58,55;11,52;10;198
RRDX20HSX;B;X;2,05;39,02;59637,84;59676,86;27090,0;22841,0;0,0;0,0;100,0;100,0;1868,72;115,36;16,2;0;198
RRLE81TIJ;A;Z;1,48;112,13;0,0;112,13;0,0;15900,0;150,0;0,94;99,49;99,06;7085,61;80,3;88,24;1;198
RSKP89VRV;C;X;4,65;26,89;16130,3;16157,19;3360,0;3564,0;0,0;0,0;100,0;100,0;550,95;18,0;30,61;0;198
RTCK77LJY;A;X;1,17;766,84;417223,57;417990,4;315360,0;266940,0;0,0;0,0;100,0;100,0;61604,09;1348,18;45,69;0;198
RTGZ03PJZ;B;X;1,09;18,34;49008,61;49026,95;39600,0;28290,0;0,0;0,0;100,0;100,0;1697,12;142,88;11,88;0;198
RTKR55RVC;C;Z;6,76;5,51;37144,93;37150,44;5376,0;2156,0;604,0;28,01;95,45;71,99;83,01;10,89;7,62;9;198
RTLC21LFH;A;X;0,98;84,04;125803,64;125887,67;111600,0;92625,0;0,0;0,0;100,0;100,0;8393,84;467,8;17,94;0;198
RTNB80BXR;C;Y;3,7;14,91;2929,45;2944,37;760,0;1515,0;225,0;14,85;98,99;85,15;377,58;7,65;49,35;2;198
RUSY71UCC;A;Z;2,55;208,19;166011,57;166219,76;61544,0;69748,0;0,0;0,0;100,0;100,0;7885,11;352,26;22,38;0;198
RVGI69QBH;C;Y;3,42;25,04;7535,21;7560,25;2112,0;1455,0;0,0;0,0;100,0;100,0;682,61;7,35;92,89;0;198
RWMR86BVE;A;X;0,11;157,72;1610690,87;1610848,59;6226200,0;3873195,0;0,0;0,0;100,0;100,0;153307,27;19561,59;7,84;0;198
RXGJ59LBU;C;X;7,62;28,91;197085,2;197114,11;25368,0;11803,5;345,0;2,92;98,48;97,08;407,62;59,61;6,84;3;198
RYFU49ZQL;B;Y;0,98;12,43;46750,25;46762,68;41472,0;35724,0;8328,0;23,31;94,44;76,69;1310,24;180,42;7,26;11;198
RYMM02JSD;B;Z;2,06;48,01;38224,55;38272,57;17280,0;80340,0;46520,0;57,9;88,89;42,1;2316,97;405,76;5,71;22;198
RYWP59HRF;C;Y;4,78;26,87;16846,65;16873,52;3416,0;3728,0;176,0;4,72;98,48;95,28;535,84;18,83;28,46;3;198
SAMY25MFR;C;Z;5,79;75,65;3152,74;3228,39;530,78;375,7329;0,0;0,0;100,0;100,0;1206,15;1,9;635,61;0;198
SATU94FJU;C;Z;1,57;31,09;15049,99;15081,08;8736,0;8064,0;7152,0;88,69;97,98;11,31;1826,67;40,73;44,85;4;198
SBAH41CNI;C;Z;4,27;0,4;282,68;283,08;64,0;66,0;10,0;15,15;99,49;84,85;9,03;0,33;27,09;1;198
SBYE42KWB;C;Z;1,6;2,23;1248,55;1250,79;715,0;2105,0;1297,5;61,64;77,27;38,36;132,93;10,63;12,5;45;198
SCEC37IHC;C;Z;1,36;79,09;26097,88;26176,97;17280,0;18315,0;4365,0;23,83;94,95;76,17;5429,39;92,5;58,7;10;198
SCNB83OJQ;B;Y;0,3;7,11;6860,0;6867,11;15120,0;16500,0;540,0;3,27;99,49;96,73;2238,18;83,33;26,86;1;198
SCOJ84RVI;A;Y;9,43;554,14;598014,55;598568,69;62400,0;64768,0;48,0;0,07;99,49;99,93;5741,17;327,11;17,55;1;198
SCZD55CVZ;B;;1,22;44,74;162809,47;162854,21;119040,0;67920,0;0,0;0,0;100,0;100,0;3729,9;343,03;10,87;0;198
SDXR03CJM;A;Y;1,11;83,34;116004,82;116088,16;92160,0;38080,0;2720,0;7,14;98,48;92,86;7107,07;192,32;36,95;3;198
SFNF33VEA;C;Y;4,25;43,15;71251,28;71294,43;16200,0;12310,0;132,0;1,07;98,48;98,93;997,74;62,17;16,05;3;198
SFTY06EHX;B;X;8,56;80,22;180699,43;180779,65;20736,0;18040,0;0,0;0,0;100,0;100,0;954,51;91,11;10,48;0;198
SFVG67HOA;B;Y;3,67;72,6;148548,4;148621,0;38896,0;30620,0;0,0;0,0;100,0;100,0;1978,51;154,65;12,79;0;198
SFZF48FFF;C;Z;3,54;30,18;8499,47;8529,65;2304,0;3592,0;0,0;0,0;100,0;100,0;804,16;18,14;44,33;0;198
SGPW86DNX;C;X;1,65;10,5;13711,56;13722,06;7630,0;5800,0;0,0;0,0;100,0;100,0;616,77;29,29;21,06;0;198
SGZY18LHD;C;Z;13,04;43,67;59812,75;59856,41;4536,0;6951,0;4305,0;61,93;97,47;38,07;322,11;35,11;9,18;5;198
SHNA76NKD;B;Y;4,03;13,62;0,0;13,62;0,0;29760,0;25080,0;84,27;77,78;15,73;334,85;150,3;2,23;44;198
SHUI46RYU;C;;35,96;10,18;7367,26;7377,44;204,0;276,0;162,0;58,7;98,99;41,3;26,67;1,39;19,13;2;198
SHZF73GEU;C;Y;6,05;52,66;85750,69;85803,35;13824,0;11064,0;1120,0;10,12;95,96;89,88;852,12;55,88;15,25;8;198
SIKQ05VUY;C;Y;9,62;31,22;21585,67;21616,88;2208,88;1852,5;87,07719999999999;4,7;96,97;95,3;307,94;9,36;32,91;6;198
SITQ34BIU;C;Y;2,89;19,84;10316,1;10335,94;3392,0;3483,0;56,0;1,61;98,99;98,39;649,66;17,59;36,93;2;198
SIWE54BWL;B;Y;1,06;31,05;73649,61;73680,65;61032,0;62976,0;48,0;0,08;99,49;99,92;3025,7;318,06;9,51;1;198
SIXB85VXI;B;X;2,75;86,18;156275,26;156361,44;53856,0;51386,5;6528,5;12,7;95,96;87,3;3113,33;259,53;12,0;8;198
SJEO87YLD;B;X;2,06;27,78;42408,0;42435,78;19152,0;18718,0;441,0;2,36;97,98;97,64;1332,83;94,54;14,1;4;198
SJIR38UOQ;B;X;3,95;59,31;99178,5;99237,81;24192,0;18324,0;60,0;0,33;99,49;99,67;1476,36;92,55;15,95;1;198
SJWY69YWU;C;Y;3,92;31,42;48334,0;48365,42;11880,0;11060,0;108,0;0,98;99,49;99,02;794,27;55,86;14,22;1;198
SJZB75URG;C;Y;1,3;0,05;0,0;0,05;0,0;456,0;0,0;0,0;100,0;100,0;5,76;2,3;2,5;0;198
SKCG11ZFH;C;X;4,65;55,37;80651,51;80706,87;16800,0;15944,0;328,0;2,06;98,99;97,94;1176,2;80,53;14,61;2;198
SKGP93UFT;C;Y;14,81;71,15;96924,0;96995,15;6480,0;5994,0;330,0;5,51;97,98;94,49;471,52;30,27;15,58;4;198
SKWZ88IZS;C;X;2,85;9,21;5400,0;5409,21;1800,0;1520,0;0,0;0,0;100,0;100,0;305,49;7,68;39,79;0;198
SLDR26WLL;A;Y;0,49;185,26;215575,71;215760,97;335340,0;539460,0;155040,0;28,74;92,93;71,26;36587,27;2724,55;13,43;14;198
SLKD63HYC;C;;1,08;35,96;43443,2;43479,16;35328,0;16512,0;8160,0;49,42;95,45;50,58;3112,08;83,39;37,32;9;198
SLKH72NWZ;B;X;2,18;122,78;135400,57;135523,35;58050,0;45175,0;0,0;0,0;100,0;100,0;5413,51;228,16;23,73;0;198
SLUJ39XEO;B;X;3,37;79,96;145136,56;145216,52;41184,0;32813,0;220,0;0,67;99,49;99,33;2348,89;165,72;14,17;1;198
SMGO94PNI;C;Y;7,4;30,45;46477,8;46508,25;6156,0;7824,0;1494,0;19,1;96,97;80,9;411,18;39,52;10,41;6;198
SMUE50WJP;C;Z;5,1;12,54;6617,76;6630,3;1260,0;660,0;0,0;0,0;100,0;100,0;229,85;3,33;68,95;0;198
SMUP91GOP;C;Y;3,51;13,51;2901,95;2915,47;792,0;1278,0;0,0;0,0;100,0;100,0;360,91;6,45;55,92;0;198
SMXD81WGI;B;X;0,69;18,32;27516,22;27534,55;32585,0;28898,5;133,0;0,46;99,49;99,54;2577,41;145,95;17,66;1;198
SNUJ77GRX;C;Z;5,68;30,31;9792,0;9822,31;1680,0;1653,0;474,0;28,68;94,95;71,32;498,0;8,35;59,65;10;198
SOJU08HWC;C;;1,49;0,32;137,37;137,69;84,0;8,0;1,0;12,5;99,49;87,5;19,63;0,04;485,87;1;198
SPHY20VZB;A;Z;0,63;52,97;106428,8;106481,77;136512,0;151758,0;20952,0;13,81;93,94;86,19;8415,64;766,45;10,98;12;198
SPTI10MOZ;B;X;2,17;97,89;120425,17;120523,06;51820,0;43004,5;0,0;0,0;100,0;100,0;4367,47;217,19;20,11;0;198
SQNX07KFL;C;Y;7,47;41,81;24688,93;24730,74;3240,0;2751,0;0,0;0,0;100,0;100,0;529,76;13,89;38,13;0;198
SRKU40UIY;C;X;8,07;122,75;122910,36;123033,11;14950,0;12457,5;190,0;1,53;97,47;98,47;1463,71;62,92;23,26;5;198
SRVK02SRB;C;Z;3,16;0,14;0,0;0,14;0,0;288,0;240,0;83,33;98,48;16,67;4,36;1,45;3,0;3;198
SSBI86AKQ;C;Y;3,79;47,19;53138,79;53185,98;13500,0;15032,0;0,0;0,0;100,0;100,0;1224,61;75,92;16,13;0;198
SSFS75DVD;C;Z;3,42;23,66;21578,1;21601,77;6048,0;10416,0;1896,0;18,2;96,46;81,8;681,21;52,61;12,95;7;198
SSUT95WBF;C;X;1,71;45,8;15786,25;15832,05;8492,0;8340,0;0,0;0,0;100,0;100,0;2512,19;42,12;59,64;0;198
STWE89ZSK;C;X;4,84;5,86;7549,84;7555,71;1512,0;2319,0;1074,0;46,31;86,36;53,69;117,82;11,71;10,06;27;198
SUEQ05QGY;C;Z;6,56;41,41;0,0;41,41;0,0;540,0;0,0;0,0;100,0;100,0;584,36;2,73;214,27;0;198
SUFW78HDG;A;X;1,53;309,9;376502,71;376812,6;224400,0;206100,0;8400,0;4,08;97,98;95,92;19694,24;1040,91;18,92;4;198
SUMF86LVN;C;Z;2,89;0,14;0,0;0,14;0,0;96,0;48,0;50,0;99,49;50,0;4,61;0,48;9,5;1;198
SUNE99ICB;C;Y;2,79;23,27;7518,12;7541,39;2560,0;2830,0;0,0;0,0;100,0;100,0;783,89;14,29;54,84;0;198
SUVU33MZB;B;X;2,75;70,54;169808,9;169879,44;58520,0;46755,0;0,0;0,0;100,0;100,0;2599,04;236,14;11,01;0;198
SUVU36RJS;C;Z;2,41;0,5;1580,16;1580,66;618,0;5904,0;5124,0;86,79;74,24;13,21;23,03;29,82;0,77;51;198
SUWS30NNW;C;Z;8,99;33,46;55252,18;55285,64;6048,0;4863,0;876,0;18,01;95,45;81,99;363,33;24,56;14,79;9;198
SVBA60QWO;C;Y;3,39;25,7;4310,18;4335,89;1216,0;1548,0;0,0;0,0;100,0;100,0;705,74;7,82;90,27;0;198
SVCW47BUX;C;X;4,16;30,17;26061,38;26091,55;6048,0;5082,0;0,0;0,0;100,0;100,0;694,3;25,67;27,05;0;198
SVIU22BOP;C;X;12,49;37,98;15929,74;15967,71;1260,0;900,0;0,0;0,0;100,0;100,0;284,75;4,55;62,64;0;198
SWDT98SLX;C;Z;1,11;6,22;757,13;763,35;600,0;1500,0;0,0;0,0;100,0;100,0;523,21;7,58;69,06;0;198
SWMC79DDX;B;Z;2,18;15,27;34875,14;34890,41;14988,0;9474,0;288,0;3,04;99,49;96,96;692,82;47,85;14,48;1;198
SWRJ43PWC;C;Y;14,28;92,35;155824,51;155916,87;10800,0;8395,0;380,0;4,53;98,99;95,47;636,67;42,4;15,02;2;198
SXDU70KPB;C;Z;1,63;9,08;16682,34;16691,42;9394,0;16324,0;6902,0;42,28;87,88;57,72;562,26;82,44;6,82;24;198
SXGY87DCN;C;Y;2,27;4,41;4598,45;4602,86;1904,0;3051,0;0,0;0,0;100,0;100,0;194,73;15,41;12,64;0;198
SXKC37WVO;B;X;1,36;23,61;29697,43;29721,04;19628,0;15288,0;0,0;0,0;100,0;100,0;1673,92;77,21;21,68;0;198
SYGV77BZR;C;Z;3,62;35,4;4338,37;4373,77;1152,0;1492,0;0,0;0,0;100,0;100,0;909,94;7,54;120,76;0;198
SYJJ43YJY;B;Y;2,55;128,78;194119,15;194247,93;72000,0;77761,0;0,0;0,0;100,0;100,0;5054,65;392,73;12,87;0;198
SYYY06RBS;C;X;2,77;11,05;5608,0;5619,05;1920,0;1674,0;36,0;2,15;99,49;97,85;375,82;8,45;44,45;1;198
SZYM37OEA;B;X;2,89;64,15;98933,63;98997,78;32530,0;29993,0;470,0;1,57;99,49;98,43;2194,19;151,48;14,49;1;198
TAFI57PNS;B;X;0,78;24,33;66625,0;66649,33;71750,0;49962,5;1575,0;3,15;98,99;96,85;3124,24;252,34;12,38;2;198
TAPC56MIQ;A;X;7,66;1110,11;1188277,86;1189387,97;152208,0;99537,0;0,0;0,0;100,0;100,0;13865,88;502,71;27,58;0;198
TBIN32CPP;B;X;1,65;65,66;116312,48;116378,14;64680,0;54408,0;0,0;0,0;100,0;100,0;3946,48;274,79;14,36;0;198
TBRP94APL;C;Y;0,71;1,95;4221,48;4223,43;4896,0;4712,0;296,0;6,28;95,96;93,72;274,14;23,8;11,52;8;198
TBUC93IQV;C;Y;4,96;6,83;13238,5;13245,33;2592,0;3830,0;2062,0;53,84;77,78;46,16;135,96;19,34;7,03;44;198
TBUT34GHQ;B;Y;2,73;587,74;48648,54;49236,28;16875,0;43058,0;2365,0;5,49;98,99;94,51;20028,18;217,46;92,1;2;198
TCAT17SBM;A;X;1,11;248,87;203008,44;203257,31;161280,0;124928,0;0,0;0,0;100,0;100,0;21320,24;630,95;33,79;0;198
TCCQ61EFF;C;Z;3,75;5,9;0,0;5,9;0,0;490,0;34,0;6,94;97,98;93,06;147,18;2,47;59,47;4;198
TCMP09HLF;B;Y;2,85;76,28;133039,33;133115,61;44352,0;43912,0;0,0;0,0;100,0;100,0;2689,03;221,78;12,12;0;198
TCYS21XMB;B;X;2,85;46,53;75608,57;75655,1;25200,0;28510,0;2900,0;10,17;97,47;89,83;1633,94;143,99;11,35;5;198
TDDJ49HOQ;A;Z;0,35;586,98;1936628,36;1937215,34;3911824,0;3055104,0;65296,0;2,14;98,48;97,86;171888,89;15429,82;11,14;3;198
TDID38XBP;B;Z;1,22;32,69;100117,33;100150,02;72960,0;88170,0;21980,0;24,93;91,41;75,07;2799,49;445,3;6,29;17;198
TDRF57ZZV;B;X;2,59;45,57;64725,42;64770,99;23664,0;27930,0;9192,0;32,91;90,91;67,09;1719,45;141,06;12,19;18;198
TDUD88VNN;C;Y;8,75;2,21;11964,05;11966,26;1344,0;576,0;100,0;17,36;97,98;82,64;25,68;2,91;8,83;4;198
TEPO39YNM;C;X;3,1;24,81;39825,33;39850,14;12240,0;10650,0;330,0;3,1;98,99;96,9;788,84;53,79;14,67;2;198
TERS82UUN;C;Y;2,33;10,65;11622,0;11632,65;4680,0;4278,0;0,0;0,0;100,0;100,0;442,27;21,61;20,47;0;198
TETH66TIA;C;Z;2,87;16,54;2899,68;2916,23;960,0;1680,0;170,0;10,12;99,49;89,88;538,84;8,48;63,51;1;198
TFLS53NVL;B;Y;2,02;54,04;74056,3;74110,34;34100,0;53080,0;23890,0;45,01;84,34;54,99;2611,06;268,08;9,74;31;198
TFWO18MWN;C;Z;3,72;4,34;0,0;4,34;0,0;644,0;0,0;0,0;100,0;100,0;110,59;3,25;34,0;0;198
TGBX26ADI;C;Y;2,11;28,7;3248,11;3276,81;1440,0;3180,0;0,0;0,0;100,0;100,0;1272,22;16,06;79,21;0;198
TGPM78EZN;C;Y;2,71;25,46;13198,63;13224,09;4608,0;4215,0;6,0;0,14;99,49;99,86;885,94;21,29;41,62;1;198
TGTG47WSP;C;Y;3,42;21,12;33523,13;33544,24;9396,0;7876,0;0,0;0,0;100,0;100,0;609,29;39,78;15,32;0;198
TGXK53CJL;C;Y;28,36;20,83;15054,18;15075,01;528,0;666,0;216,0;32,43;96,97;67,57;69,97;3,36;20,8;6;198
THBX09CMD;C;Y;2,37;6,2;1918,35;1924,56;760,0;682,5;0,0;0,0;100,0;100,0;244,34;3,45;70,89;0;198
THGT75MGJ;C;X;1,79;32,54;4193,35;4225,89;2160,0;4944,0;0,0;0,0;100,0;100,0;1699,27;24,97;68,05;0;198
TIGA36RJG;C;Y;0,72;4,44;4336,96;4341,4;5000,0;6100,0;2800,0;45,9;86,36;54,1;587,63;30,81;19,07;27;198
TJYT91QAT;B;Y;6,2;178,41;244014,55;244192,96;38400,0;31060,0;0,0;0,0;100,0;100,0;2807,27;156,87;17,9;0;198
TKCD29VJP;C;Z;3,2;17,38;15926,29;15943,67;4752,0;7368,0;3424,0;46,47;95,96;53,53;520,16;37,21;13,98;8;198
TKIS03YUJ;B;X;1,83;19,26;32312,49;32331,75;16320,0;16080,0;1560,0;9,7;95,96;90,3;1043,21;81,21;12,85;8;198
TKKW31QSB;C;Z;3,59;1,35;11489,06;11490,4;3072,0;18065,0;16025,0;88,71;76,26;11,29;44,85;91,24;0,49;47;198
TLTH99XSQ;C;X;5,75;68,47;108715,65;108784,12;18432,0;18416,0;1360,0;7,38;95,96;92,62;1184,08;93,01;12,73;8;198
TLXX56RHV;C;Y;4,78;20,28;10494,64;10514,92;2128,0;1652,0;48,0;2,91;98,99;97,09;399,03;8,34;47,83;2;198
TMKB60FXY;B;X;1,03;24,48;49853,11;49877,59;42080,0;44960,0;15640,0;34,79;92,42;65,21;2328,38;227,07;10,25;15;198
TNWM98EUF;C;Z;5,22;47,68;7212,47;7260,14;1344,0;1212,0;0,0;0,0;100,0;100,0;848,53;6,12;138,62;0;198
TOAD80FMN;C;Y;1,12;10,2;15411,9;15422,1;12096,0;8459,5;98,0;1,16;98,99;98,84;878,57;42,72;20,56;2;198
TOMI82OSP;C;Y;3,78;37,45;14715,05;14752,51;3744,0;4296,0;0,0;0,0;100,0;100,0;934,85;21,7;43,09;0;198
TOVQ49XZH;C;;6,81;10,93;40064,0;40074,93;5760,0;4520,0;1788,0;39,56;97,47;60,44;161,88;22,83;7,09;5;198
TOWM33DHH;B;X;1,73;26,73;55643,55;55670,27;29568,0;24126,0;0,0;0,0;100,0;100,0;1544,24;121,85;12,67;0;198
TPCB95SKD;C;Y;6,84;14,54;10557,02;10571,56;1509,77;1102,5;75,649;6,86;96,46;93,14;201,07;5,57;36,11;7;198
TPDD98FBK;C;Z;2,85;10,76;19008,0;19018,76;6336,0;5024,0;240,0;4,78;97,98;95,22;372,16;25,37;14,67;4;198
TPLF68MEL;A;X;0,97;65,09;100475,38;100540,46;90090,0;74341,0;0,0;0,0;100,0;100,0;6590,25;375,46;17,55;0;198
TPPP81QTS;B;Y;3,28;48,98;85529,75;85578,73;24930,0;23580,0;3290,0;13,95;95,96;86,05;1478,43;119,09;12,41;8;198
TPRX29BZA;B;Y;2,81;80,59;122271,78;122352,37;41310,0;42516,0;0,0;0,0;100,0;100,0;2858,42;214,73;13,31;0;198
TPYY95JQZ;B;X;2,08;70,12;106731,06;106801,19;47880,0;40526,5;546,0;1,35;98,99;98,65;3310,61;204,68;16,17;2;198
TPZF75VDN;B;X;2,14;59,13;50468,57;50527,7;22080,0;18880,0;0,0;0,0;100,0;100,0;2647,27;95,35;27,76;0;198
TPZL87XOV;C;;75,18;0,68;5273,13;5273,81;70,0;135,0;65,0;48,15;99,49;51,85;1,19;0,68;1,74;1;198
TQBL17UUZ;C;X;1,03;31,0;5686,67;5717,67;4800,0;4716,0;0,0;0,0;100,0;100,0;2785,7;23,82;116,96;0;198
TQLU60KDN;B;X;0,88;22,78;45079,82;45102,6;43616,0;36514,0;0,0;0,0;100,0;100,0;2560,65;184,41;13,89;0;198
TQOX21ZKN;B;X;2,29;90,57;182169,38;182259,95;74508,0;60351,0;0,0;0,0;100,0;100,0;3942,36;304,8;12,93;0;198
TRKK07TKT;A;Y;1,17;313,39;157871,81;158185,2;119328,0;106416,0;0,0;0,0;100,0;100,0;25162,67;537,45;46,82;0;198
TTAY57NAO;B;X;1,81;46,51;73492,83;73539,35;37440,0;30324,0;396,0;1,31;99,49;98,69;2515,88;153,15;16,43;1;198
TTCM99IHU;C;X;3,82;38,34;69148,73;69187,07;17406,0;15915,0;1170,0;7,35;95,96;92,65;998,82;80,38;12,43;8;198
TTFA32YEK;C;Y;2,79;7,05;1764,13;1771,18;600,0;834,0;126,0;15,11;95,96;84,89;236,61;4,21;56,17;8;198
TTGH81PHB;C;Z;4,82;85,2;93051,31;93136,51;18720,0;18980,0;2480,0;13,07;94,44;86,93;1712,32;95,86;17,86;11;198
TTWC67PAM;C;Y;3,67;7,62;7011,9;7019,52;1836,0;1350,0;0,0;0,0;100,0;100,0;198,24;6,82;29,08;0;198
TUAA01OUK;C;Y;4,61;54,28;34271,49;34325,77;7200,0;8016,0;0,0;0,0;100,0;100,0;1125,7;40,48;27,81;0;198
TULN35NJM;C;Y;3,47;16,49;0,0;16,49;0,0;1007,0;220,0;21,85;97,98;78,15;442,15;5,09;86,94;4;198
TUXU97NFG;B;X;2,48;53,15;84368,95;84422,09;32130,0;26842,5;0,0;0,0;100,0;100,0;2114,09;135,57;15,59;0;198
TVJY51MSQ;B;X;3,68;497,49;264330,67;264828,16;69060,0;64860,0;0,0;0,0;100,0;100,0;12796,36;327,58;39,06;0;198
TVTQ73RFS;C;Y;3,42;41,88;56906,54;56948,42;15950,0;13777,5;0,0;0,0;100,0;100,0;1198,94;69,58;17,23;0;198
TVUP26XLW;C;Z;2,57;0,21;0,0;0,21;0,0;2448,0;2082,0;85,05;93,43;14,95;9,39;12,36;0,76;13;198
TWCT52TEH;B;Y;1,88;48,34;62482,55;62530,89;30828,0;29124,0;0,0;0,0;100,0;100,0;2521,15;147,09;17,14;0;198
TWDG00DUF;C;;5,01;67,62;0,0;67,62;0,0;12763,0;7713,598999999999;60,44;94,44;39,56;1268,53;64,46;19,68;11;198
TWDP65AIX;C;X;1,11;12,93;9654,86;9667,79;7680,0;4904,0;0,0;0,0;100,0;100,0;1101,33;24,77;44,47;0;198
TWRF20YGC;C;X;4,85;38,38;14402,15;14440,52;2880,0;2796,0;0,0;0,0;100,0;100,0;743,31;14,12;52,64;0;198
TWRY85LFJ;C;Z;1,1;25,02;21620,57;21645,59;17280,0;11628,0;0,0;0,0;100,0;100,0;2152,55;58,73;36,65;0;198
TXIB59UAE;B;X;0,8;21,54;56069,84;56091,38;58752,0;42498,0;0,0;0,0;100,0;100,0;2682,48;214,64;12,5;0;198
TXIH20JOI;C;;0,82;29,23;64250,4;64279,63;66576,0;18656,0;96,0;0,51;98,48;99,49;3399,52;94,22;36,08;3;198
TXTS73MAU;B;Y;5,92;127,81;227168,92;227296,73;37434,0;28815,0;5214,0;18,09;94,95;81,91;2109,67;145,53;14,5;10;198
TYHY95VHF;C;Y;2,75;7,07;2193,7;2200,77;756,0;1188,0;0,0;0,0;100,0;100,0;242,67;6,0;40,44;0;198
TYQH28XCZ;B;Y;3,51;11,53;32317,23;32328,75;8820,0;10090,0;1428,0;14,15;98,48;85,85;346,04;50,96;6,79;3;198
TYWY16DEO;A;X;1,14;886,75;690182,76;691069,51;535040,0;444880,0;0,0;0,0;100,0;100,0;73945,05;2246,87;32,91;0;198
TZTR28FEY;C;Y;2,06;16,53;4431,17;4447,7;2003,18;3267,0;11,0;0,34;99,49;99,66;755,32;16,5;45,78;1;198
TZUP73BTI;B;Z;9,92;85,03;108795,0;108880,03;10800,0;25770,0;15000,0;58,21;85,86;41,79;844,19;130,15;6,49;28;198
UAGX12RJV;B;X;4,4;79,5;102747,53;102827,03;22560,0;21148,0;200,0;0,95;98,99;99,05;1769,6;106,81;16,57;2;198
UBOE04JIG;C;Z;2,73;0,0;0,0;0,0;0,0;192,0;192,0;100,0;99,49;0,0;0,0;0,97;0,0;1;198
UCGD30SBP;C;Z;7,1;212,41;0,0;212,41;0,0;50911,0;0,0;0,0;100,0;100,0;3014,95;257,13;11,73;0;198
UDCV18ZFM;C;Z;4,79;14,33;0,0;14,33;0,0;2724,0;1596,0;58,59;92,93;41,41;281,52;13,76;20,46;14;198
UDHX89MHN;B;Y;3,72;67,87;121701,83;121769,71;31416,0;26132,0;368,0;1,41;98,48;98,59;1810,1;131,98;13,71;3;198
UEEZ93SMW;C;Z;6,02;13,09;6222,11;6235,2;1008,0;837,0;156,0;18,64;98,99;81,36;203,82;4,23;48,22;2;198
UEHH69HXF;C;Z;10,27;1150,37;0,0;1150,37;0,0;54324,0;12344,0;22,72;86,36;77,28;10539,31;274,36;38,41;27;198
UESX36GHC;B;X;3,02;29,48;69774,34;69803,82;22008,0;20498,0;452,0;2,21;97,47;97,79;1000,79;103,53;9,67;5;198
UFUD20GDW;C;Y;3,86;61,04;0,0;61,04;0,0;540,0;0,0;0,0;100,0;100,0;1459,7;2,73;535,22;0;198
UGQR96OVL;A;X;1,49;45,93;138445,04;138490,97;84672,0;69552,0;28,0;0,04;99,49;99,96;3201,76;351,27;9,11;1;198
UHAT15XQT;B;Y;2,83;79,23;112635,96;112715,18;37800,0;36150,0;0,0;0,0;100,0;100,0;2763,13;182,58;15,13;0;198
UIOZ53QBD;B;X;4,63;67,31;71591,79;71659,11;14976,0;14660,0;240,0;1,64;97,98;98,36;1412,77;74,04;19,08;4;198
UIRI45KAG;C;;4,81;39,27;81618,76;81658,03;16464,0;7904,0;0,0;0,0;100,0;100,0;792,89;39,92;19,86;0;198
UKKS91HVP;C;Z;3,3;13,81;3976,09;3989,9;1152,0;888,0;408,0;45,95;95,45;54,05;387,88;4,48;86,49;9;198
UKNV37ULA;C;Z;2,79;6,61;5297,92;5304,54;1804,0;9750,0;7298,0;74,85;82,83;25,15;231,11;49,24;4,69;34;198
ULMN48IAA;C;Y;7,51;120,73;97083,72;97204,45;12672,0;9252,0;0,0;0,0;100,0;100,0;1528,24;46,73;32,71;0;198
ULUG71AAX;B;Z;1,37;22,3;46817,27;46839,57;30752,0;30472,5;1800,0;5,91;98,99;94,09;1642,8;153,9;10,67;2;198
UMGM77DWG;B;X;0,69;11,12;15845,5;15856,62;18920,0;26360,0;9120,0;34,6;90,4;65,4;1578,18;133,13;11,85;19;198
UMKY94OBL;C;Y;4,22;12,72;2516,15;2528,86;576,0;536,0;0,0;0,0;100,0;100,0;280,61;2,71;103,66;0;198
UMMI66YVH;C;Y;4,19;1,69;1666,1;1667,8;384,0;240,0;0,0;0,0;100,0;100,0;38,48;1,21;31,75;0;198
UOGR54AJJ;B;Z;0,51;28,54;110040,88;110069,42;167400,0;127235,5;6270,0;4,93;95,45;95,07;5795,83;642,6;9,02;9;198
UOIW32FZD;B;Y;4,37;67,16;55054,03;55121,19;12174,0;9510,0;0,0;0,0;100,0;100,0;1463,91;48,03;30,48;0;198
UORD98SGJ;C;X;3,89;7,43;1938,82;1946,25;480,0;576,0;0,0;0,0;100,0;100,0;179,03;2,91;61,54;0;198
UPAY35SQS;B;X;2,12;68,68;83701,8;83770,48;36792,0;30639,0;42,0;0,14;99,49;99,86;3133,35;154,74;20,25;1;198
UPPY33BBQ;C;Z;4,25;37,66;5079,95;5117,61;1155,0;3475,0;0,0;0,0;100,0;100,0;834,55;17,55;47,55;0;198
UPPY88MFL;A;X;2,06;94,52;180110,0;180204,52;81340,0;65300,0;0,0;0,0;100,0;100,0;4550,1;329,8;13,8;0;198
UPWF73OTK;C;Z;3,95;13,53;9736,28;9749,81;2376,0;4248,0;2168,0;51,04;95,96;48,96;326,42;21,45;15,21;8;198
UPXJ58SPR;A;X;1,15;2048,99;1709687,15;1711736,14;1317120,0;978600,0;0,0;0,0;100,0;100,0;169446,46;4942,42;34,28;0;198
URKT52PJR;C;Y;3,39;13,8;8379,33;8393,13;2364,0;1908,0;516,0;27,04;97,47;72,96;381,7;9,64;39,61;5;198
USHX06KKA;C;Y;3,72;24,66;32006,0;32030,66;8262,0;8261,0;0,0;0,0;100,0;100,0;652,06;41,72;15,63;0;198
UTNA37DNE;B;Y;1,22;90,8;42653,68;42744,49;31200,0;26275,0;0,0;0,0;100,0;100,0;7009,34;132,7;52,82;0;198
UUMC36RRN;B;Y;2,71;158,8;251598,86;251757,66;87840,0;87256,0;474,0;0,54;99,49;99,46;5830,91;440,69;13,23;1;198
UVAB60CVK;C;Y;3,68;41,82;68895,92;68937,74;18000,0;14970,0;1120,0;7,48;97,47;92,52;1118,13;75,61;14,79;5;198
UVKF24HZF;B;Y;0,82;10,83;13821,89;13832,72;14256,0;17192,0;0,0;0,0;100,0;100,0;1304,73;86,83;15,03;0;198
UVKQ34ZZT;B;Y;2,17;160,55;172262,7;172423,25;74358,0;85964,0;0,0;0,0;100,0;100,0;7264,06;434,16;16,73;0;198
UVRZ81ZHK;B;X;1,73;101,91;135435,3;135537,21;72072,0;78211,0;0,0;0,0;100,0;100,0;5827,0;395,01;14,75;0;198
UWKY91JYO;B;Y;1,21;67,72;51626,58;51694,3;38016,0;36396,0;288,0;0,79;99,49;99,21;5349,09;183,82;29,1;1;198
UWOH01FWF;C;X;3,11;39,18;58155,13;58194,3;17820,0;14010,0;1185,0;8,46;97,47;91,54;1224,55;70,76;17,31;5;198
UWPN18IQT;C;Y;4,85;50,94;7200,0;7250,94;1440,0;948,0;0,0;0,0;100,0;100,0;972,93;4,79;203,21;0;198
UWQT79KXK;C;Y;2,85;5,01;576,0;581,01;192,0;184,0;0,0;0,0;100,0;100,0;162,91;0,93;175,3;0;198
UXKW21WFB;B;X;2,18;101,67;181037,9;181139,57;77616,0;60750,0;0,0;0,0;100,0;100,0;4600,48;306,82;14,99;0;198
UXOF86SSA;C;Y;1,64;88,45;21428,57;21517,02;12000,0;11177,0;0,0;0,0;100,0;100,0;5040,61;56,45;89,29;0;198
UXUL44RFJ;C;Z;5,63;0,0;0,0;0,0;0,0;20,0;20,0;100,0;99,49;0,0;0,0;0,1;0,0;1;198
UYPN69XBE;C;Z;2,14;40,78;36864,0;36904,78;16128,0;23848,0;9424,0;39,52;91,92;60,48;1832,81;120,44;15,22;16;198
UZDG75WXS;C;Z;12,21;89,06;0,0;89,06;0,0;11894,5;7182,644399999999;60,39;98,99;39,61;695,81;60,07;11,58;2;198
UZGN61JKJ;B;Z;1,64;58,41;75653,85;75712,26;42336,0;40725,0;1467,0;3,6;98,48;96,4;3486,95;205,68;16,95;3;198
UZPU09HXC;C;Z;4,96;30,95;14705,87;14736,82;2880,0;4200,0;240,0;5,71;98,99;94,29;595,56;21,21;28,08;2;198
UZZD93BCK;B;Z;3,47;7,25;22559,33;22566,58;6240,0;40040,0;34080,0;85,11;63,64;14,89;222,83;202,22;1,1;72;198
VAEF20KVP;C;Y;2,4;41,16;80736,36;80777,52;31680,0;24775,0;100,0;0,4;99,49;99,6;1706,21;125,13;13,64;1;198
VAJM98BAR;B;Y;2,12;46,06;90931,75;90977,81;39970,0;64330,0;28518,0;44,33;82,32;55,67;2178,91;324,9;6,71;35;198
VAOC41LXO;C;X;1,13;15,49;7409,92;7425,41;5780,0;7147,5;929,0;13,0;92,42;87,0;1292,84;36,1;35,81;15;198
VBQC01EWD;C;Z;6,73;22,68;26421,11;26443,78;3840,0;4434,0;804,0;18,13;94,95;81,87;328,88;22,39;14,69;10;198
VCAO88HDJ;C;Y;2,09;7,94;2760,8;2768,74;1232,0;2149,0;0,0;0,0;100,0;100,0;361,03;10,85;33,26;0;198
VCIQ79ZEM;C;Z;5,79;58,0;0,0;58,0;0,0;1071,0;0,0;0,0;100,0;100,0;928,67;5,41;171,69;0;198
VCKQ12PEJ;A;X;1,09;755,32;2566220,87;2566976,19;2067120,0;1695430,0;0,0;0,0;100,0;100,0;72348,89;8562,78;8,45;0;198
VCNO42TYI;C;Z;1,41;2,74;1498,89;1501,64;960,0;1650,0;250,0;15,15;95,96;84,85;186,26;8,33;22,35;8;198
VCPQ11DNR;A;X;0,08;210,03;2318987,92;2319197,94;9913760,0;6509240,0;22160,0;0,34;99,49;99,66;263450,91;32874,95;8,01;1;198
VCTZ45TLC;C;Z;2,73;77,8;91537,1;91614,9;31752,0;24520,0;912,0;3,72;97,47;96,28;2743,07;123,84;22,15;5;198
VDGZ74BQO;C;Y;0,88;10,36;12480,93;12491,29;12100,0;10000,0;275,0;2,75;98,48;97,25;1132,32;50,51;22,42;3;198
VDPF77AET;C;Z;16,19;37,83;13072,11;13109,94;800,0;1245,0;20,0;1,61;99,49;98,39;221,57;6,29;35,24;1;198
VDPQ65JML;B;Z;1,11;185,01;48939,53;49124,54;38880,0;33975,0;0,0;0,0;100,0;100,0;15551,59;171,59;90,63;0;198
VEBO39JTE;C;;9,21;7,48;5661,25;5668,73;604,8;273,0;0,0;0,0;100,0;100,0;76,25;1,38;55,3;0;198
VEQW28XFQ;A;X;1,09;55,17;115650,32;115705,49;93150,0;100925,0;50,0;0,05;98,99;99,95;5168,28;509,72;10,14;2;198
VEZU16UAO;A;X;2,98;251,97;426656,31;426908,28;136416,0;108454,0;10656,0;9,83;96,46;90,17;8293,52;547,75;15,14;7;198
VFIH43FUI;C;Z;4,25;25,81;24383,77;24409,58;5544,0;5400,0;0,0;0,0;100,0;100,0;587,33;27,27;21,54;0;198
VFVS31SRI;C;Y;6,99;42,72;36993,1;37035,82;5184,0;4098,0;12,0;0,29;99,49;99,71;584,3;20,7;28,23;1;198
VFXE99TCX;C;Z;3,76;51,71;77360,86;77412,57;19784,0;16280,0;208,0;1,28;98,99;98,72;1348,57;82,22;16,4;2;198
VGUO76EGN;C;X;3,67;11,82;4812,09;4823,9;1260,0;924,0;0,0;0,0;100,0;100,0;301,49;4,67;64,61;0;198
VGZQ62MFR;B;X;2,08;37,14;55984,77;56021,91;25146,0;19278,0;0,0;0,0;100,0;100,0;1745,91;97,36;17,93;0;198
VHNG92NPQ;C;Y;3,19;9,45;10012,5;10021,95;3000,0;3471,0;702,0;20,22;90,4;79,78;287,36;17,53;16,39;19;198
VHRD63MRQ;A;Z;0,6;49,94;223252,07;223302,01;298272,0;439848,0;167496,0;38,08;84,85;61,92;9066,42;2221,45;4,08;30;198
VJEA22OTE;A;Y;1,83;69,45;128361,18;128430,62;64800,0;54757,5;0,0;0,0;100,0;100,0;3772,73;276,55;13,64;0;198
VJFY24YVG;C;Z;8,95;43,5;13100,78;13144,27;1440,0;1207,5;15,0;1,24;99,49;98,76;454,09;6,1;74,46;1;198
VJXA46YJV;B;Z;2,44;19,27;58053,11;58072,38;22440,0;72300,0;44016,0;60,88;62,63;39,12;871,64;365,15;2,39;74;198
VJYA77ZKL;B;X;2,96;39,63;43726,22;43765,85;14080,0;12640,0;260,0;2,06;97,98;97,94;1298,28;63,84;20,34;4;198
VKKA83MYR;B;X;2,06;45,46;84483,34;84528,79;38192,0;29328,0;1120,0;3,82;98,48;96,18;2174,31;148,12;14,68;3;198
VKMT02NLP;C;Z;6,97;172,02;144772,58;144944,6;20328,0;1944,0;0,0;0,0;100,0;100,0;2284,02;9,82;232,63;0;198
VKPR75SMT;C;Y;2,85;16,42;18900,0;18916,42;6300,0;5830,0;360,0;6,17;96,97;93,83;558,59;29,44;18,97;6;198
VLIZ23PWT;C;X;3,26;19,99;22541,88;22561,88;6615,0;5700,0;645,0;11,32;95,96;88,68;591,21;28,79;20,54;8;198
VMCG87MRL;B;X;1,77;64,41;121121,6;121186,01;63072,0;53129,0;0,0;0,0;100,0;100,0;3621,52;268,33;13,5;0;198
VMHG33HXP;C;X;4,25;7,49;16994,75;17002,24;3864,0;2336,0;0,0;0,0;100,0;100,0;174,4;11,8;14,78;0;198
VMLY44FVA;C;Z;3,54;16,8;14608,47;14625,27;3960,0;2106,0;0,0;0,0;100,0;100,0;448,18;10,64;42,14;0;198
VMQQ77ZOV;C;Y;2,17;23,86;21128,0;21151,86;9120,0;9012,0;48,0;0,53;99,49;99,47;1060,36;45,52;23,3;1;198
VMUV43GDW;A;X;1,58;164,89;276350,71;276515,6;159804,0;126810,0;0,0;0,0;100,0;100,0;10263,94;640,45;16,03;0;198
VMXT58OKC;B;X;1,1;69,21;64861,71;64930,93;51840,0;45603,0;0,0;0,0;100,0;100,0;6023,45;230,32;26,15;0;198
VNCX04AYB;C;Z;1,29;22,71;83229,93;83252,64;57600,0;37312,0;5728,0;15,35;94,95;84,65;1776,08;188,44;9,42;10;198
VNDD37YKZ;B;Z;0,66;71,05;95630,22;95701,27;117456,0;120624,0;25488,0;21,13;94,95;78,87;10340,61;609,21;16,97;10;198
VNER88KYI;A;Y;0,35;34,45;354345,17;354379,61;702216,0;1115064,0;403560,0;36,19;71,72;63,81;12547,27;5631,64;2,23;56;198
VNGP99CKM;B;;1,56;99,23;274454,36;274553,59;160380,0;74280,0;7920,0;10,66;97,98;89,34;6193,33;375,15;16,51;4;198
VNMF29GQJ;B;Z;3,7;56,43;235208,71;235265,14;61152,0;80751,0;45010,0;55,74;78,79;44,26;1587,73;407,83;3,89;42;198
VNVO27LXT;C;Z;3,75;40,36;17979,86;18020,23;4608,0;4852,0;0,0;0,0;100,0;100,0;1016,12;24,51;41,47;0;198
VPOL68LNP;B;X;2,71;118,5;152626,33;152744,83;53286,0;45666,0;8988,0;19,68;92,42;80,32;4209,3;230,64;18,25;15;198
VPWU82SWJ;A;Y;5,14;255,72;309765,18;310020,9;58560,0;67752,0;3520,0;5,2;96,97;94,8;4910,3;342,18;14,35;6;198
VQJA05QTF;C;Y;4,78;34,21;26022,86;26057,07;5280,0;4329,0;0,0;0,0;100,0;100,0;681,82;21,86;31,19;0;198
VRLE03HDN;C;X;2,91;18,64;28811,14;28829,78;9408,0;7002,0;12,0;0,17;99,49;99,83;625,27;35,36;17,68;1;198
VRPX18MSY;C;Y;2,98;39,6;51230,28;51269,88;16380,0;16113,0;0,0;0,0;100,0;100,0;1307,22;81,38;16,06;0;198
VRSL12WKX;C;;2,9;117,26;94300,6;94417,87;30888,0;4092,0;0,0;0,0;100,0;100,0;3743,82;20,67;181,15;0;198
VSGT86SPB;C;Y;5,11;24,15;39414,11;39438,26;7488,0;6528,0;276,0;4,23;98,48;95,77;466,91;32,97;14,16;3;198
VSYL05XGX;C;Z;2,28;0,11;0,0;0,11;0,0;72,0;48,0;66,67;98,99;33,33;4,48;0,36;12,33;2;198
VTMM90FNA;C;Y;5,04;0,22;0,0;0,22;0,0;90,0;0,0;0,0;100,0;100,0;4,42;0,45;9,73;0;198
VVPF83DQE;C;X;3,73;18,81;12306,71;12325,52;3168,0;2970,0;24,0;0,81;99,49;99,19;479,12;15,0;31,94;1;198
VVTH52ENP;C;X;1,29;1,83;2912,15;2913,99;2016,0;1974,0;84,0;4,26;97,98;95,74;140,0;9,97;14,04;4;198
VWBX47QRS;B;Y;2,17;33,28;73695,93;73729,21;31712,0;37908,0;6832,0;18,02;91,92;81,98;1567,92;191,45;8,19;16;198
VWJV06RQG;C;Y;12,87;19,17;46573,95;46593,11;3576,77;12444,0;10055,7734;80,81;56,06;19,19;149,31;62,85;2,38;87;198
VWLU97PHY;C;Z;5,07;69,51;51630,65;51700,16;9900,0;4036,0;0,0;0,0;100,0;100,0;1285,27;20,38;63,05;0;198
VXHH54HHZ;C;Y;4,13;21,75;23374,45;23396,2;5460,0;5880,0;504,0;8,57;96,97;91,43;512,41;29,7;17,25;6;198
VXTN05LQL;C;X;8,33;18,1;23971,23;23989,33;2828,0;3950,0;1103,5064;27,94;87,37;72,06;214,79;19,95;10,77;25;198
VXVN17OEW;C;Z;7,4;92,35;0,0;92,35;0,0;3384,0;0,0;0,0;100,0;100,0;1167,31;17,09;68,3;0;198
VXYV20MFP;C;X;8,63;62,25;138589,0;138651,25;15792,0;13454,0;28,0;0,21;99,49;99,79;732,95;67,95;10,79;1;198
VZNV00BYR;C;Z;5,99;332,55;85512,0;85844,55;13920,0;17720,0;1075,0;6,07;97,47;93,93;5198,64;89,49;58,09;5;198
VZXK37PGT;B;Y;2,21;6,3;17480,71;17487,02;7392,0;7609,0;504,0;6,62;97,47;93,38;298,24;38,43;7,76;5;198
WAMC06ZZR;C;Y;3,55;25,13;24851,56;24876,68;6720,0;8925,0;3070,0;34,4;90,91;65,6;682,27;45,08;15,14;18;198
WAON76OCZ;C;Z;1,86;10,99;11567,28;11578,28;5760,0;4360,0;0,0;0,0;100,0;100,0;567,27;22,02;25,76;0;198
WCCG39SGJ;C;Y;3,69;19,2;8286,99;8306,18;2160,0;5325,0;780,0;14,65;95,96;85,35;502,95;26,89;18,7;8;198
WCNM16COQ;B;X;1,43;20,83;35631,52;35652,35;22528,0;17953,0;784,0;4,37;98,99;95,63;1428,04;90,67;15,75;2;198
WDXV16SSK;C;Z;4,92;16,19;486,96;503,16;96,0;616,0;0,0;0,0;100,0;100,0;306,32;3,11;98,46;0;198
WEGX88XCD;A;X;0,92;267,77;745071,43;745339,2;695400,0;498162,0;0,0;0,0;100,0;100,0;29301,52;2515,97;11,65;0;198
WEMQ64JZW;A;Z;0,63;377,35;310976,09;311353,45;400350,0;344475,0;23800,0;6,91;96,97;93,09;57113,38;1739,77;32,83;6;198
WEOV34WYY;C;Z;1,95;19,98;18298,29;18318,27;8712,0;9176,0;1336,0;14,56;98,99;85,44;983,92;46,34;21,23;2;198
WEQO35JQF;B;Y;2,15;46,34;46067,6;46113,94;20020,0;16719,0;0,0;0,0;100,0;100,0;2070,05;84,44;24,52;0;198
WERK56LLN;C;Z;2,89;1,75;3065,63;3067,39;1008,0;4650,0;3762,0;80,9;65,66;19,1;60,36;23,48;2,57;68;198
WFBB66HWF;C;Z;10,88;57,55;37052,57;37110,12;3360,0;5052,0;1188,0;23,52;97,98;76,48;507,15;25,52;19,88;4;198
WFEJ46DYX;B;Z;1,06;37,32;13711,42;13748,74;11296,0;10240,0;64,0;0,62;99,49;99,38;3285,17;51,72;63,52;1;198
WFTG45HGB;C;X;6,05;56,83;73617,56;73674,39;11868,0;16926,0;3540,0;20,91;90,4;79,09;932,97;85,48;10,91;19;198
WGBN92WST;B;Y;4,16;64,6;123869,13;123933,73;28746,0;24681,0;420,0;1,7;98,99;98,3;1554,27;124,65;12,47;2;198
WGEI02BFP;C;Z;5,03;103,54;144487,88;144591,42;27900,0;24237,0;0,0;0,0;100,0;100,0;2020,15;122,41;16,5;0;198
WHBL52SNT;C;Y;3,94;29,97;24715,88;24745,85;6048,0;5922,0;342,0;5,78;98,48;94,22;729,91;29,91;24,4;3;198
WHFO98CBT;B;X;5,14;62,81;86328,0;86390,81;16320,0;15930,0;840,0;5,27;97,98;94,73;1202,63;80,45;14,95;4;198
WHKB94GJB;C;X;2,83;23,88;31466,55;31490,43;10560,0;8724,0;0,0;0,0;100,0;100,0;821,77;44,06;18,65;0;198
WIOG15VRO;C;X;9,55;0,0;0,0;0,0;0,0;4389,0;4389,0;100,0;40,4;0,0;0,0;22,17;0,0;118;198
WIZO10EPL;B;X;3,49;129,37;174951,27;175080,64;48070,0;41115,0;0,0;0,0;100,0;100,0;3624,8;207,65;17,46;0;198
WJLI31DHL;C;Y;4,79;38,56;19924,8;19963,36;4032,0;4052,0;56,0;1,38;98,99;98,62;761,86;20,46;37,23;2;198
WJNJ41QMC;B;X;1,16;66,75;49974,63;50041,38;38016,0;36648,0;0,0;0,0;100,0;100,0;5468,0;185,09;29,54;0;198
WJNT51AMA;A;X;1,12;131,53;91737,5;91869,03;72000,0;64260,0;0,0;0,0;100,0;100,0;11108,79;324,55;34,23;0;198
WJPY55QVB;A;X;0,17;197,38;700457,74;700655,12;2220030,0;1663065,0;0,0;0,0;100,0;100,0;118315,91;8399,32;14,09;0;198
WJXJ48VSF;C;;42,25;5,65;1017,52;1023,16;24,0;105,0;0,0;0,0;100,0;100,0;12,85;0,53;24,23;0;198
WLCA21RPR;A;Y;2,6;251,66;247902,99;248154,64;90000,0;105700,0;564,0;0,53;99,49;99,47;9437,09;533,84;17,68;1;198
WLFM36VBX;C;Y;3,59;18,44;1077,1;1095,54;288,0;792,0;0,0;0,0;100,0;100,0;477,52;4,0;119,38;0;198
WLFP10LFG;C;Y;4,64;45,8;25728,0;25773,8;5376,0;4842,0;0,0;0,0;100,0;100,0;935,03;24,45;38,24;0;198
WLNB78SAN;C;Y;3,54;21,6;16157,85;16179,45;4380,0;5004,0;1014,0;20,26;91,92;79,74;582,73;25,27;23,06;16;198
WLNC71CBJ;C;X;4,57;18,91;5437,93;5456,84;1152,0;880,0;0,0;0,0;100,0;100,0;385,86;4,44;86,82;0;198
WMCE11ZVX;C;;4,06;57,9;0,0;57,9;0,0;1210,0;80,0;6,61;98,48;93,39;1320,3;6,11;216,05;3;198
WMDB07SPB;A;X;2,12;67,41;203261,19;203328,6;89520,0;83215,0;23025,0;27,67;87,88;72,33;3234,04;420,28;7,7;24;198
WMDL15NGL;B;X;7,1;136,57;136400,69;136537,26;18816,0;15804,0;0,0;0,0;100,0;100,0;1852,97;79,82;23,21;0;198
WMDT13YIA;C;X;1,73;16,35;32570,18;32586,53;17280,0;14640,0;512,0;3,5;97,98;96,5;939,96;73,94;12,71;4;198
WMEE15YJZ;C;Z;34,01;459,71;0,0;459,71;0,0;12637,0;265,0;2,1;97,47;97,9;1308,44;63,82;20,5;5;198
WMEE22MAN;A;X;0,74;375,27;786212,0;786587,27;888080,0;764510,0;0,0;0,0;100,0;100,0;50902,73;3861,16;13,18;0;198
WMNM97UWP;B;X;5,88;45,24;103220,3;103265,54;17132,0;15026,0;48,0;0,32;99,49;99,68;785,47;75,89;10,35;1;198
WMOR31GBK;C;Y;5,03;3,02;14790,59;14793,61;2856,0;7880,0;4328,0;54,92;79,29;45,08;73,34;39,8;1,84;41;198
WNKP07NXO;B;Y;1,72;46,88;72598,34;72645,23;38880,0;28328,0;144,0;0,51;99,49;99,49;2658,67;143,07;18,58;1;198
WOIJ95CMV;C;Y;5,13;56,82;22810,19;22867,01;4320,0;3668,0;0,0;0,0;100,0;100,0;1039,35;18,53;56,1;0;198
WOQM08AWC;B;Y;1,56;36,8;37872,69;37909,48;22176,0;31140,0;3972,0;12,76;94,44;87,24;2314,36;157,27;14,72;11;198
WPCW36EXB;C;Z;0,48;6,92;15288,75;15295,67;24300,0;24480,0;0,0;0,0;100,0;100,0;1454,24;123,64;11,76;0;198
WPXA43ZIE;C;Z;7,46;52,4;90836,79;90889,2;11944,0;16380,0;6016,0;36,73;92,93;63,27;700,2;82,73;8,46;14;198
WQCP09HZJ;B;Y;1,47;51,14;34105,56;34156,7;21000,0;22313,0;12,0;0,05;99,49;99,95;3310,42;112,69;29,38;1;198
WQGA99YTL;C;X;3,38;89,1;55458,01;55547,11;15732,77;15088,1;0,0;0,0;100,0;100,0;2509,42;76,2;32,93;0;198
WRAV09HIQ;B;X;3,7;243,16;83219,18;83462,33;21600,0;22687,5;0,0;0,0;100,0;100,0;6167,42;114,58;53,82;0;198
WRBH45NSO;C;Z;2,79;23,88;2116,95;2140,83;720,0;3260,0;0,0;0,0;100,0;100,0;805,4;16,46;48,92;0;198
WRCW69WHA;B;Y;2,69;80,39;157335,57;157415,97;55440,0;52422,0;0,0;0,0;100,0;100,0;3021,42;264,76;11,41;0;198
WRDC21OHZ;B;X;0,66;11,48;32827,7;32839,18;40320,0;37104,0;2568,0;6,92;96,46;93,08;1767,03;187,39;9,43;7;198
WRQB62IPW;C;;4,72;8,6;4203,6;4212,2;864,0;440,0;0,0;0,0;100,0;100,0;170,26;2,22;76,62;0;198
WRQN30ZRV;C;Z;17,75;64,72;48105,46;48170,18;2688,0;1592,0;64,0;4,02;99,49;95,98;343,88;8,04;42,77;1;198
WRUC27KHA;A;X;7,47;724,06;1060938,1;1061662,17;139230,0;115140,0;2130,0002;1,85;98,99;98,15;9504,88;581,52;16,35;2;198
WSKC91CGX;C;X;2,2;9,23;11836,59;11845,82;5040,0;4200,0;0,0;0,0;100,0;100,0;408,13;21,21;19,24;0;198
WTAU02JRI;C;;1,21;6,51;7996,04;8002,55;5888,0;208,0;0,0;0,0;100,0;100,0;498,02;1,05;474,08;0;198
WWAS66LVO;B;X;2,08;55,65;137145,56;137201,21;61600,0;52283,0;2260,0;4,32;97,98;95,68;2723,03;264,06;10,31;4;198
WXYE15FCZ;C;Z;8,88;8,91;4894,58;4903,5;542,0;608,0;52,0;8,55;98,99;91,45;95,33;3,07;31,05;2;198
WYHZ97OTR;B;X;1,8;93,55;145497,29;145590,84;74448,0;82626,0;2355,0;2,85;98,99;97,15;5184,42;417,3;12,42;2;198
WYKF62EEV;C;Z;4,79;34,62;37328,79;37363,41;7560,0;5643,0;36,0;0,64;98,99;99,36;694,73;28,5;24,38;2;198
WYOF97JMD;B;X;1,88;26,36;74822,83;74849,19;36864,0;34388,0;2272,0;6,61;98,48;93,39;1454,63;173,68;8,38;3;198
WYRN17UKQ;C;Y;2,84;5,9;2152,38;2158,28;720,0;870,0;12,0;1,38;99,49;98,62;196,0;4,39;44,61;1;198
WZDS12MBO;B;X;5,26;158,44;241307,73;241466,17;44640,0;39645,0;310,0;0,78;98,99;99,22;2977,32;200,23;14,87;2;198
WZDU50ODQ;C;Z;2,85;26,04;23353,05;23379,09;7776,0;3544,0;0,0;0,0;100,0;100,0;858,99;17,9;47,99;0;198
WZHS83HIV;C;Z;2,21;3,73;16290,87;16294,6;6912,0;11400,0;4960,0;43,51;94,95;56,49;188,32;57,58;3,27;10;198
WZMX43SQL;B;Z;4,59;89,81;208866,72;208956,54;44100,0;42009,0;84,0;0,2;99,49;99,8;2016,76;212,17;9,51;1;198
WZVM17KLN;C;;7,58;5,78;0,0;5,78;0,0;616,0;0,0;0,0;100,0;100,0;73,39;3,11;23,59;0;198
XAGA79NPV;B;X;2,04;12,65;28010,38;28023,04;12768,0;17128,0;4336,0;25,32;86,87;74,68;635,23;86,51;7,34;26;198
XAGC02NKC;B;Y;4,99;23,1;16662,86;16685,95;3240,0;4144,5;571,5;13,79;95,96;86,21;444,41;20,93;21,23;8;198
XAKX37DSH;B;Y;0,69;12,46;18179,2;18191,66;21528,0;22014,0;0,0;0,0;100,0;100,0;1765,24;111,18;15,88;0;198
XBGW91MKG;C;Z;3,07;14,41;15015,35;15029,77;4670,09;2057,0;0,0;0,0;100,0;100,0;443,73;10,39;42,71;0;198
XBOZ61NGL;C;Y;1,47;4,41;2325,65;2330,06;1440,0;1206,0;0,0;0,0;100,0;100,0;283,65;6,09;46,57;0;198
XBVM33BFK;B;X;2,96;140,49;207798,93;207939,42;66912,0;54412,0;0,0;0,0;100,0;100,0;4656,06;274,81;16,94;0;198
XCMA86QNI;B;X;7,0;79,71;175029,48;175109,2;24480,0;23895,0;3600,0;15,07;95,96;84,93;1152,12;120,68;9,55;8;198
XCPE58EOM;C;Z;3,73;1,71;5584,72;5586,43;1440,0;358,0;8,0;2,23;99,49;97,77;44,13;1,81;24,41;1;198
XCXQ73RSP;C;X;1,24;23,29;19740,77;19764,06;14175,0;12898,0;0,0;0,0;100,0;100,0;1792,73;65,14;27,52;0;198
XCZH16DYT;C;Z;1,55;17,11;0,0;17,11;0,0;3150,0;405,0;12,86;98,99;87,14;1031,14;15,91;64,81;2;198
XDQL32GCN;C;Y;5,1;10,18;3304,5;3314,68;630,0;1000,0;0,0;0,0;100,0;100,0;189,19;5,05;37,46;0;198
XESF19QOL;A;X;2,79;203,9;261124,99;261328,89;88704,0;72036,0;0,0;0,0;100,0;100,0;7090,91;363,82;19,49;0;198
XESF78DQJ;C;;7,91;33,12;25136,2;25169,32;3120,0;1710,0;486,0;28,42;98,48;71,58;392,27;8,64;45,42;3;198
XEST76MXT;C;X;5,44;28,03;26139,55;26167,58;4680,0;5396,0;764,0;14,16;94,95;85,84;498,67;27,25;18,3;10;198
XEXX13LVG;C;Z;3,55;31,68;7499,84;7531,52;2028,0;2040,0;972,0;47,65;95,96;52,35;828,24;10,3;80,39;8;198
XFSS86ENP;A;X;0,24;80,99;497602,19;497683,18;1276800,0;928280,0;7440,0;0,8;99,49;99,2;35790,71;4688,28;7,63;1;198
XGBN67XBS;C;Z;3,74;3,07;408,77;411,84;105,0;49,0;0,0;0,0;100,0;100,0;75,94;0,25;306,86;0;198
XGKR86GEO;C;X;4,71;2,63;680,58;683,21;140,0;450,0;160,0;35,56;96,46;64,44;52,88;2,27;23,27;7;198
XHTK76QAK;C;X;4,65;51,25;70973,33;71024,58;14784,0;14040,0;472,0;3,36;98,48;96,64;1084,24;70,91;15,29;3;198
XHWP76NPQ;C;Z;22,21;97,42;10735,11;10832,53;480,0;3658,0;104,0;2,84;98,99;97,16;422,16;18,47;22,85;2;198
XIIH75ZKM;C;Z;6,24;13,56;0,0;13,56;0,0;188,0;0,0;0,0;100,0;100,0;201,21;0,95;211,91;0;198
XIQQ11DFL;B;X;2,4;46,83;95014,45;95061,28;37240,0;32130,0;0,0;0,0;100,0;100,0;1959,8;162,27;12,08;0;198
XLBB96LQB;A;X;0,24;21,17;105785,02;105806,18;269568,0;240156,0;11664,0;4,86;97,98;95,14;9201,45;1212,91;7,59;4;198
XLIC62AJV;C;X;4,41;31,84;55217,83;55249,67;12096,0;8694,0;304,0;3,5;98,48;96,5;707,03;43,91;16,1;3;198
XLPH35HHT;B;X;1,21;51,07;96558,0;96609,07;71148,0;56043,0;0,0;0,0;100,0;100,0;4182,89;283,05;14,78;0;198
XLQC26ZHC;A;X;0,61;100,19;331347,86;331448,04;434700,0;364820,0;0,0;0,0;100,0;100,0;16925,21;1842,53;9,19;0;198
XLQS11ZKD;C;Y;2,96;17,32;18782,4;18799,72;6048,0;4644,0;0,0;0,0;100,0;100,0;563,45;23,45;24,02;0;198
XMBY37ZYQ;C;Y;2,98;34,86;12010,03;12044,89;3840,0;3165,0;0,0;0,0;100,0;100,0;1095,09;15,98;68,51;0;198
XMFY42NTR;B;Z;1,05;20,52;33192,63;33213,16;27600,0;28500,0;425,0;1,49;99,49;98,51;1938,89;143,94;13,47;1;198
XMKA73EGB;C;Z;2,48;12,52;17861,71;17874,23;6804,0;4860,0;744,0;15,31;96,46;84,69;486,97;24,55;19,84;7;198
XMPF04PDF;C;Y;3,78;15,48;3773,09;3788,57;960,0;772,0;0,0;0,0;100,0;100,0;381,25;3,9;97,78;0;198
XMWI66RQU;B;X;14,49;108,53;351252,17;351360,7;24000,0;17892,0;96,0;0,54;99,49;99,46;780,45;90,36;8,64;1;198
XNAI84MYR;C;Y;11,34;0,16;0,0;0,16;0,0;192,0;111,989;58,33;97,47;41,67;1,74;0,97;1,79;5;198
XNGH02RHN;C;Y;3,92;8,55;10022,05;10030,6;2464,0;2480,0;212,0;8,55;96,97;91,45;212,61;12,53;16,97;6;198
XNJO25EKM;B;Z;1,11;48,12;67669,48;67717,6;53760,0;40800,0;14880,0;36,47;92,42;63,53;4130,91;206,06;20,05;15;198
XNVP51APW;B;Z;0,69;16,09;27738,0;27754,09;33120,0;41880,0;1680,0;4,01;98,99;95,99;2360,61;211,52;11,16;2;198
XOAP26UJM;C;Z;3,21;17,52;8957,24;8974,76;2664,0;1884,0;0,0;0,0;100,0;100,0;512,21;9,52;53,83;0;198
XOOL57JJV;B;Z;1,62;86,19;107335,63;107421,82;60686,0;40242,0;5054,0;12,56;92,93;87,44;5085,47;203,24;25,02;14;198
XPGW87THZ;A;X;1,35;38,15;187396,27;187434,42;124620,0;111402,0;18504,0;16,61;93,43;83,39;3066,67;562,64;5,45;13;198
XPVH47FTK;B;Z;2,89;18,93;27736,7;27755,63;9120,0;34072,0;26248,0;77,04;71,72;22,96;643,03;172,08;3,74;56;198
XPWX68SNJ;C;Y;3,81;47,08;20893,18;20940,26;5280,0;5082,0;0,0;0,0;100,0;100,0;1165,45;25,67;45,41;0;198
XQAJ38EZV;B;Y;1,38;45,13;52093,77;52138,9;34005,0;29766,0;0,0;0,0;100,0;100,0;3160,3;150,33;21,02;0;198
XQKF27KMA;C;Z;0,54;0,94;2601,43;2602,38;3744,0;16640,0;11936,0;71,73;87,88;28,27;183,11;84,04;2,18;24;198
XQUC50NXC;B;X;2,85;321,84;156330,0;156651,84;52110,0;66491,0;0,0;0,0;100,0;100,0;10744,58;335,81;32,0;0;198
XQZP51OET;A;X;0,78;85,82;129702,86;129788,68;139680,0;97035,0;0,0;0,0;100,0;100,0;10650,2;490,08;21,73;0;198
XRQC13IHO;C;;3,0;4,62;17728,2;17732,82;5628,0;3432,0;2988,0;87,06;96,46;12,94;144,24;17,33;8,32;7;198
XSER71OVY;C;Z;11,5;100,22;0,0;100,22;0,0;20298,5;11544,0797;56,87;82,32;43,13;847,19;102,52;8,26;35;198
XSHX91DTM;C;Z;5,1;42,32;7058,94;7101,26;1344,0;1044,0;0,0;0,0;100,0;100,0;769,74;5,27;145,98;0;198
XTNP80BTF;B;Z;10,29;280,33;140270,12;140550,45;13440,0;9230,0;0,0;0,0;100,0;100,0;2558,43;46,62;54,88;0;198
XUQS98NZP;B;Y;3,62;42,71;65938,44;65981,15;17480,0;14957,5;420,0;2,81;99,49;97,19;1160,18;75,54;15,36;1;198
XUVV41MLB;B;Y;1,5;34,34;32002,92;32037,26;19440,0;19860,0;3380,0;17,02;95,96;82,98;2198,79;100,3;21,92;8;198
XUXP73QXO;C;Z;2,77;0,48;817,83;818,32;280,0;232,0;2,0;0,86;99,49;99,14;17,27;1,17;14,74;1;198
XUZZ14ZDP;A;X;0,35;51,45;169225,58;169277,02;338688,0;292374,0;5076,0;1,74;98,99;98,26;15012,91;1476,64;10,17;2;198
XVQA58FSW;C;;1,7;7,1;18515,78;18522,88;9984,0;5088,0;1152,0;22,64;97,47;77,36;403,76;25,7;15,71;5;198
XWOX86XBU;C;Y;2,96;3,2;596,27;599,47;192,0;184,0;0,0;0,0;100,0;100,0;100,73;0,93;108,39;0;198
XWYZ22YSM;A;Y;2,14;9,55;30102,86;30112,41;13170,0;126615,0;97425,0;76,95;60,61;23,05;559,7;639,47;0,88;78;198
XXAK75IJO;B;X;3,8;66,27;138638,74;138705,0;35136,0;29973,0;240,0;0,8;98,99;99,2;1759,27;151,38;11,62;2;198
XXJJ71TAV;B;Y;1,23;106,47;49944,11;50050,58;36288,0;37512,0;0,0;0,0;100,0;100,0;8191,64;189,45;43,24;0;198
XXVF06PPE;C;;2,59;2,06;5858,18;5860,24;2136,0;9408,0;8048,0;85,54;90,91;14,46;80,04;47,52;1,68;18;198
XZFP32TTX;C;Y;4,79;39,91;18664,4;18704,31;3780,0;2152,5;0,0;0,0;100,0;100,0;779,24;10,87;71,68;0;198
XZVS53KWS;B;Y;8,21;177,57;179823,52;180001,09;21504,0;18864,0;1296,0;6,87;97,98;93,13;2081,7;95,27;21,85;4;198
YACY00BTH;B;Z;0,86;49,71;174294,52;174344,23;171776,0;142384,0;224,0;0,16;98,99;99,84;6017,45;719,11;8,37;2;198
YAIT16NAA;A;Y;1,13;52,83;135660,43;135713,26;105870,0;82943,0;11560,0;13,94;94,95;86,06;4664,85;418,9;11,14;10;198
YBGR62EID;C;X;2,83;37,74;23242,34;23280,08;7800,0;7049,0;0,0;0,0;100,0;100,0;1265,0;35,6;35,53;0;198
YBIF35VSN;C;Y;1,16;18,54;4374,88;4393,42;3328,0;7018,0;712,0;10,15;95,96;89,85;1499,22;35,44;42,3;8;198
YBXA90GPT;A;X;1,48;157,2;91501,66;91658,87;56304,0;54024,0;0,0;0,0;100,0;100,0;10095,52;272,85;37,0;0;198
YCJH50CPQ;B;Z;1,43;57,14;59758,08;59815,21;37782,0;53079,0;0,0;0,0;100,0;100,0;3946,64;268,08;14,72;0;198
YDAS10QVH;C;Y;2,98;26,4;12010,03;12036,43;3840,0;4460,0;80,0;1,79;98,48;98,21;839,39;22,53;37,26;3;198
YDCO38ZBK;C;Z;3,51;8,38;27084,91;27093,29;7392,0;4320,0;224,0;5,19;98,99;94,81;240,44;21,82;11,02;2;198
YDCT98KJG;B;X;2,39;88,33;142669,48;142757,81;56160,0;41189,0;504,0;1,22;99,49;98,78;3611,33;208,03;17,36;1;198
YDGA40PLB;C;Z;4,4;30,53;37801,62;37832,14;8300,0;7434,0;652,0;8,77;96,46;91,23;673,07;37,55;17,93;7;198
YEIW32KNI;C;Z;4,71;4,56;0,0;4,56;0,0;42,0;0,0;0,0;100,0;100,0;89,33;0,21;421,14;0;198
YEKB64BDP;A;X;3,39;223,4;334003,68;334227,09;94230,0;79312,0;0,0;0,0;100,0;100,0;6466,62;400,57;16,14;0;198
YEPB41JWK;C;Z;3,73;7,06;2544,15;2551,21;656,0;305,0;41,0;13,44;99,49;86,56;175,92;1,54;114,2;1;198
YETI19PZC;C;Z;2,73;60,64;82463,33;82523,97;28600,0;18220,0;3130,0;17,18;95,96;82,82;2120,91;92,02;23,05;8;198
YFMJ12WKH;C;Z;2,65;0,2;605,81;606,01;216,0;852,0;600,0;70,42;89,39;29,58;8,36;4,3;1,94;21;198
YFYM15XGM;C;;5,59;22,1;13632,09;13654,19;2376,0;5022,0;4098,0;81,6;95,45;18,4;369,18;25,36;14,56;9;198
YGCG78ADY;B;Z;1,8;25,44;23639,79;23665,23;12096,0;34038,0;19512,0;57,32;95,96;42,68;1372,91;171,91;7,99;8;198
YIIU87PEA;C;Z;6,44;265,45;0,0;265,45;0,0;67327,5;3675,9291;5,46;96,46;94,54;4119,43;340,04;12,11;7;198
YINX18ZNT;C;X;0,88;19,0;16966,95;16985,95;16416,0;13104,0;12,0;0,09;99,49;99,91;2048,0;66,18;30,95;1;198
YIRD60PKX;C;Y;3,75;32,26;37145,89;37178,16;9520,0;10637,5;709,0;6,67;96,46;93,33;842,76;53,72;15,69;7;198
YJGL23CIM;C;Y;0,68;2,45;1082,07;1084,52;1296,0;897,0;0,0;0,0;100,0;100,0;334,42;4,53;73,82;0;198
YJWV38UJM;A;Z;0,14;130,9;118272,0;118402,9;413952,0;420020,0;86500,0;20,59;96,97;79,41;90586,67;2121,31;42,7;6;198
YKAI34NXM;A;X;0,64;103,79;349895,3;349999,1;440160,0;296989,0;0,0;0,0;100,0;100,0;16333,94;1499,94;10,89;0;198
YKKF67SRL;B;Y;1,2;15,06;20363,58;20378,64;15100,0;13010,0;320,0;2,46;99,49;97,54;1222,12;65,71;18,6;1;198
YKKN74YKQ;C;Y;8,5;19,41;15420,62;15440,03;1782,0;2949,0;1653,0;56,05;87,37;43,95;216,97;14,89;14,57;25;198
YLBF73RIA;C;Z;3,97;48,23;0,0;48,23;0,0;19910,0;5810,0;29,18;86,87;70,82;1190,66;100,56;11,84;26;198
YLEK88IIW;A;X;2,58;70,37;210395,21;210465,58;77056,0;71012,0;14136,0;19,91;94,44;80,09;2800,89;358,65;7,81;11;198
YLFB21NCQ;C;X;2,89;17,62;29166,11;29183,72;9590,0;8494,5;0,0;0,0;100,0;100,0;604,47;42,9;14,09;0;198
YLYH48XYT;C;Z;7,4;17,56;21200,4;21217,96;2808,0;2062,5;258,0;12,51;96,97;87,49;227,82;10,42;21,87;6;198
YMGN27RSR;C;Z;7,1;20,53;7174,09;7194,62;990,0;638,0;0,0;0,0;100,0;100,0;269,89;3,22;83,76;0;198
YOLQ59KBB;A;X;1,48;841,05;1000953,84;1001794,88;615920,0;566960,0;0,0;0,0;100,0;100,0;55414,95;2863,43;19,35;0;198
YPPD13THS;C;Z;8,7;16,18;8924,53;8940,71;1008,0;856,0;0,0;0,0;100,0;100,0;175,68;4,32;40,64;0;198
YQSM16BMP;C;Y;3,5;79,17;22053,13;22132,3;6048,0;9936,0;0,0;0,0;100,0;100,0;2137,27;50,18;42,59;0;198
YSHC86IPA;C;Y;3,3;47,38;75526,3;75573,69;21896,0;19696,0;528,0;2,68;96,97;97,32;1420,57;99,47;14,28;6;198
YSPM28TQQ;B;X;4,68;128,64;234787,85;234916,49;48648,0;41332,0;536,0;1,3;97,98;98,7;2741,62;208,75;13,13;4;198
YTAW64TVM;C;Y;1,42;6,14;2202,32;2208,46;1404,15;1014,0;54,6417;5,39;98,48;94,61;404,14;5,12;78,92;3;198
YTIG50ZCW;C;Z;5,1;26,07;25525,64;25551,72;4860,0;1987,0;0,0;0,0;100,0;100,0;481,06;10,04;47,94;0;198
YUGB62XTR;C;Z;4,62;6,42;0,0;6,42;0,0;976,0;8,0;0,82;99,49;99,18;133,09;4,93;27,0;1;198
YUGC04AGV;C;Z;5,22;41,66;10818,7;10860,36;2016,0;4277,0;1253,0;29,3;90,91;70,7;751,37;21,6;34,78;18;198
YUVA79CUQ;B;Y;0,88;32,96;63032,06;63065,01;61440,0;52954,0;2016,0;3,81;97,98;96,19;3725,25;267,44;13,93;4;198
YWBF87LOB;C;X;7,51;47,47;79432,13;79479,6;10368,0;8832,0;492,0;5,57;96,97;94,43;624,61;44,61;14,0;6;198
YXHD21XCT;C;Z;6,33;28,1;55153,19;55181,29;8510,0;6890,0;430,0;6,24;99,49;93,76;441,72;34,8;12,69;1;198
YXJK87KND;C;Z;4,1;50,01;0,0;50,01;0,0;6816,0;304,0;4,46;96,97;95,54;1158,46;34,42;33,65;6;198
YXMO56NPP;A;X;0,19;102,49;402265,07;402367,57;1195200,0;932500,0;0,0;0,0;100,0;100,0;55345,96;4709,6;11,75;0;198
YYAM17YQZ;A;X;3,68;731,88;413375,51;414107,39;108000,0;91975,0;0,0;0,0;100,0;100,0;18807,83;464,52;40,49;0;198
YYUF64LMQ;C;;2,25;5,57;18458,3;18463,88;7680,0;1440,0;0,0;0,0;100,0;100,0;235,27;7,27;32,35;0;198
YYXK56YSS;A;X;1,24;71,3;147063,53;147134,83;105600,0;89200,0;0,0;0,0;100,0;100,0;5738,91;450,51;12,74;0;198
YZBJ73ISL;C;Y;1,79;5,8;7179,46;7185,25;3708,0;3066,0;12,0;0,39;99,49;99,61;314,67;15,48;20,32;1;198
YZGF02JTH;B;Y;1,37;131,4;128491,72;128623,12;84400,0;78763,0;0,0;0,0;100,0;100,0;9222,53;397,79;23,18;0;198
YZGY35ARL;C;Y;6,61;28,87;58408,94;58437,81;8640,0;7002,0;252,0;3,6;98,48;96,4;436,64;35,36;12,35;3;198
YZJH39MDL;C;Y;4,84;80,12;39946,27;40026,39;8000,0;6745,0;70,0;1,04;99,49;98,96;1558,48;34,07;45,75;1;198
ZAFX55LEG;C;Z;3,75;30,73;0,0;30,73;0,0;840,0;0,0;0,0;100,0;100,0;758,74;4,24;178,85;0;198
ZAJS51NRK;B;X;0,88;15,55;26870,46;26886,01;26150,0;21924,0;325,0;1,48;98,99;98,52;1742,3;110,73;15,74;2;198
ZAKI17WGG;B;X;2,21;34,54;53274,55;53309,09;22528,0;18951,0;0,0;0,0;100,0;100,0;1533,01;95,71;16,02;0;198
ZAOU99DZO;A;X;1,02;293,61;1117280,44;1117574,04;951552,0;764602,0;0,0;0,0;100,0;100,0;30285,58;3861,63;7,84;0;198
ZBIZ78JQO;B;X;3,44;66,64;82055,83;82122,48;22848,0;25256,0;0,0;0,0;100,0;100,0;1912,44;127,56;14,99;0;198
ZBKD72AIO;B;X;4,51;92,02;107456,0;107548,02;23040,0;19572,0;0,0;0,0;100,0;100,0;1977,82;98,85;20,01;0;198
ZBNK45BHA;C;Z;5,03;55,11;22377,92;22433,03;4320,0;2560,0;0,0;0,0;100,0;100,0;1022,75;12,93;79,1;0;198
ZBWM41KQW;C;;5,14;14,28;6093,74;6108,03;1152,0;544,0;0,0;0,0;100,0;100,0;258,91;2,75;94,24;0;198
ZCDP01RZO;C;Z;9,78;49,31;20009,53;20058,84;2016,0;3960,0;2628,0;66,36;98,99;33,64;471,7;20,0;23,58;2;198
ZCKS76OQU;A;X;0,37;40,42;136863,16;136903,58;264000,0;271125,0;7725,0;2,85;97,98;97,15;11442,42;1369,32;8,36;4;198
ZCNT51XDU;A;X;0,81;25,19;118093,33;118118,52;122400,0;150048,0;49572,0;33,04;82,32;66,96;3357,09;757,82;4,43;35;198
ZCSV17DFX;B;X;3,42;47,27;57541,61;57588,89;16128,0;17752,0;0,0;0,0;100,0;100,0;1364,57;89,66;15,22;0;198
ZDBX62FOM;C;Z;2,79;9,84;4233,9;4243,74;1440,0;15440,0;14740,0;95,47;75,25;4,53;328,59;77,98;4,21;49;198
ZDMH03JTE;B;X;1,72;39,87;70985,05;71024,92;38016,0;31440,0;704,0;2,24;98,48;97,76;2295,27;158,79;14,45;3;198
ZDMU95TTO;B;X;5,26;78,98;151409,21;151488,19;27984,0;22371,0;0,0;0,0;100,0;100,0;1496,88;112,98;13,25;0;198
ZDNL35VIJ;C;Z;19,15;95,59;0,0;95,59;0,0;22028,0;3556,0;16,14;95,45;83,86;553,48;111,25;4,97;9;198
ZEAI51VKB;C;;5,18;13,95;6137,6;6151,55;1152,0;560,0;0,0;0,0;100,0;100,0;251,15;2,83;88,8;0;198
ZEKA34BVX;C;X;6,38;49,43;87707,91;87757,34;13440,0;10728,0;0,0;0,0;100,0;100,0;768,69;54,18;14,19;0;198
ZERH99KAQ;B;Y;3,17;73,02;120781,13;120854,15;36432,0;36648,0;0,0;0,0;100,0;100,0;2311,55;185,09;12,49;0;198
ZFCY02ZGI;B;X;6,42;108,64;253184,0;253292,64;38528,0;32552,0;1880,0;5,78;97,98;94,22;1714,34;164,4;10,43;4;198
ZFKE25UCK;B;X;0,25;7,41;25808,28;25815,69;64800,0;57637,5;6750,0;11,71;95,45;88,29;3008,71;291,1;10,34;9;198
ZFXO54RLM;C;Z;3,09;23,25;1993,58;2016,83;616,0;2563,0;0,0;0,0;100,0;100,0;707,33;12,94;54,64;0;198
ZHPO49FSV;C;;1,5;8,61;26669,1;26677,71;16200,0;19125,0;13550,0;70,85;93,94;29,15;558,84;96,59;5,79;12;198
ZHQL41LHW;C;Y;6,5;31,39;18792,9;18824,29;2826,0;2033,357;0,0;0,0;100,0;100,0;455,39;10,27;44,34;0;198
ZHSA25SOD;B;X;1,44;31,86;39316,75;39348,61;24696,0;24948,0;0,0;0,0;100,0;100,0;2162,51;126,0;17,16;0;198
ZICK63WUE;C;Z;3,84;38,62;13412,2;13450,83;3360,0;3028,0;0,0;0,0;100,0;100,0;941,98;15,29;61,6;0;198
ZJDO50HTQ;B;X;9,02;315,23;234038,4;234353,63;25536,0;17272,0;0,0;0,0;100,0;100,0;3310,22;87,23;37,95;0;198
ZJWB04DUR;B;X;2,6;112,89;189975,27;190088,16;69120,0;63940,0;350,0;0,55;99,49;99,45;4325,51;322,93;13,39;1;198
ZKJJ87WBB;B;Z;2,89;52,43;27590,71;27643,14;9072,0;29322,0;18804,0;64,13;86,36;35,87;1724,42;148,09;11,64;27;198
ZKRS66KLZ;C;Z;3,25;0,43;2287,23;2287,66;672,0;703,0;200,0;28,45;98,99;71,55;14,71;3,55;4,14;2;198
ZKVK48OXP;C;Y;3,97;26,79;26620,69;26647,49;6468,0;938,0;56,0;5,97;99,49;94,03;627,17;4,74;132,39;1;198
ZLDF61ZQA;C;X;1,79;16,33;31391,87;31408,2;16200,0;14046,0;432,0;3,08;97,98;96,92;910,85;70,94;12,84;4;198
ZLHQ75JJK;A;X;0,9;64,22;170439,86;170504,08;162000,0;128335,0;3550,0;2,77;98,99;97,23;7191,57;648,16;11,1;2;198
ZLKN32UOC;C;X;4,31;6,85;16265,09;16271,93;3647,41;6522,5;2988,5524;45,82;73,74;54,18;164,26;32,94;4,99;52;198
ZLRR37REL;C;X;3,3;27,89;41740,29;41768,19;12096,0;10885,0;189,0;1,74;98,48;98,26;832,93;54,97;15,15;3;198
ZMIX82SHC;C;Z;5,07;20,05;16527,98;16548,03;3168,0;3000,0;0,0;0,0;100,0;100,0;379,88;15,15;25,07;0;198
ZNTJ72IAD;C;X;2,96;14,43;4472,0;4486,43;1440,0;1326,0;0,0;0,0;100,0;100,0;456,73;6,7;68,2;0;198
ZOCP84HDB;C;Z;11,0;5424,14;0,0;5424,14;0,0;357121,0;0,0;0,0;100,0;100,0;47253,89;1803,64;26,2;0;198
ZODR48UZF;C;Z;1,39;7,99;26477,12;26485,12;17175,0;26310,0;8715,0;33,12;93,43;66,88;618,33;132,88;4,65;13;198
ZOEH73XWO;C;Z;2,38;16,11;27284,9;27301,0;10782,0;12789,0;2448,0;19,14;95,45;80,86;675,82;64,59;10,46;9;198
ZOOX60FFY;C;Z;3,07;29,82;35022,34;35052,17;10880,0;17296,0;2928,0;16,93;93,94;83,07;968,28;87,35;11,08;12;198
ZOWL74RZI;A;X;3,4;388,57;431861,03;432249,6;121500,0;127445,0;7780,0;6,1;96,46;93,9;11124,52;643,66;17,28;7;198
ZPLH72DJP;C;Y;2,85;10,45;4320,49;4330,94;1440,0;960,0;0,0;0,0;100,0;100,0;342,88;4,85;70,72;0;198
ZPXJ48ZWX;C;Z;6,42;39,99;26285,71;26325,7;4000,0;3410,0;0,0;0,0;100,0;100,0;591,21;17,22;34,33;0;198
ZQCX20EVY;B;Y;1,83;73,96;105684,04;105758,0;53352,0;74959,0;9990,0;13,33;96,97;86,67;4051,58;378,58;10,7;6;198
ZQEK04CLF;C;X;11,18;71,6;112592,95;112664,54;9936,0;10446,0;744,0;7,12;96,97;92,88;639,18;52,76;12,12;6;198
ZQRJ33XER;C;Z;3,81;200,23;45585,13;45785,36;11520,0;6957,0;114,0;1,64;99,49;98,36;4882,36;35,14;138,95;1;198
ZQSC79IQT;A;Y;1,26;122,02;126375,25;126497,26;89552,0;93450,0;0,0;0,0;100,0;100,0;9389,21;471,97;19,89;0;198
ZQWS51GKN;B;X;1,84;21,11;36151,3;36172,41;18144,0;16270,0;256,0;1,57;98,48;98,43;1136,81;82,17;13,83;3;198
ZRFO13RPW;C;Z;2,24;35,89;35764,11;35800,0;14976,0;17176,0;4016,0;23,38;93,94;76,62;1544,53;86,75;17,8;12;198
ZRIG88UVE;C;Z;8,01;49,42;0,0;49,42;0,0;130,0;0,0;0,0;100,0;100,0;569,51;0,66;867,4;0;198
ZSJL95YQQ;C;Z;3,86;0,38;641,81;642,19;160,0;2265,0;2215,0;97,79;62,63;2,21;9,29;11,44;0,81;74;198
ZSTS73ZTW;C;Z;5,07;21,62;7509,91;7531,53;1440,0;1628,0;0,0;0,0;100,0;100,0;401,56;8,22;48,84;0;198
ZTJX85ORA;C;Z;1,89;8,82;7037,67;7046,49;3456,0;5202,0;1608,0;30,91;95,96;69,09;449,21;26,27;17,1;8;198
ZTMK96JEF;C;Z;4,37;35,2;24772,96;24808,16;5478,0;5958,0;132,0;2,22;98,48;97,78;771,58;30,09;25,64;3;198
ZTRL00OJP;C;Y;14,59;54,85;91041,9;91096,76;6176,0;6889,0;1152,0;16,72;93,94;83,28;375,47;34,79;10,79;12;198
ZTUA71BLR;C;Y;2,3;3,87;2427,64;2431,51;990,0;621,0;0,0;0,0;100,0;100,0;158,18;3,14;50,43;0;198
ZTUB51AZW;A;X;2,99;94,74;320420,57;320515,31;101952,0;86100,0;5456,0;6,34;96,97;93,66;3325,05;434,85;7,65;6;198
ZUCZ01OON;A;X;0,73;607,33;445010,82;445618,16;506880,0;380720,0;0,0;0,0;100,0;100,0;78823,03;1922,83;40,99;0;198
ZUHQ00LJL;C;Y;4,54;23,45;2231,71;2255,16;476,0;371,0;0,0;0,0;100,0;100,0;478,09;1,87;255,15;0;198
ZUXX81MNQ;C;Z;1,28;18,38;16939,24;16957,62;11880,0;10485,0;270,0;2,58;97,98;97,42;1379,62;52,95;26,05;4;198
ZWKG56EYK;B;Z;1,72;33,41;61018,01;61051,42;32640,0;52855,0;20664,0;39,1;86,36;60,9;1953,41;266,94;7,32;27;198
ZWPB56MNX;C;Y;2,82;1,74;321,05;322,79;108,0;108,0;24,0;22,22;99,49;77,78;57,15;0,55;104,78;1;198
ZWWI32QHI;A;X;2,23;1313,49;906815,52;908129,01;380800,0;279707,0;0,0;0,0;100,0;100,0;55669,8;1412,66;39,41;0;198
ZXAB14DIP;A;Z;0,15;18,06;96718,81;96736,86;323200,0;436100,0;109200,0;25,04;89,9;74,96;12802,02;2202,53;5,81;20;198
ZXCQ63DNK;C;Z;2,75;10,34;3342,79;3353,13;1152,0;528,0;0,0;0,0;100,0;100,0;349,09;2,67;130,91;0;198
ZXKZ02XRQ;C;Z;4,1;33,11;36743,67;36776,79;8640,0;10906,0;1350,0;12,38;95,45;87,62;792,21;55,08;14,38;9;198
ZXOO71HHP;B;X;2,14;58,06;84342,86;84400,92;36900,0;31910,0;0,0;0,0;100,0;100,0;2666,97;161,16;16,55;0;198
ZYPW44SXH;C;;1,41;3,98;15484,77;15488,74;9936,0;13572,0;3636,0;26,79;98,99;73,21;310,36;68,55;4,53;2;198
ZZDK42XBB;A;X;1,54;163,05;308154,41;308317,46;182260,0;146919,5;0,0;0,0;100,0;100,0;10496,32;742,02;14,15;0;198
ZZFK95OMA;C;Z;4,76;24,1;37082,57;37106,67;7560,0;7070,0;10,0;0,14;99,49;99,86;502,73;35,71;14,08;1;198
ZZGT37WME;C;Z;2,6;20,44;39565,32;39585,76;14364,0;13164,0;5820,0;44,21;91,41;55,79;760,48;66,48;11,44;17;198
ZZLX71BEM;B;X;6,01;134,27;193099,79;193234,06;31360,0;28406,0;0,0;0,0;100,0;100,0;2203,55;143,46;15,36;0;198
ZZUF86MEV;C;Y;4,07;33,21;3542,0;3575,21;840,0;1500,0;0,0;0,0;100,0;100,0;760,36;7,58;100,37;0;198
